编号,各组合维度,Prompt,en_prompt
1,整体 + 构图,一位诗人站在樱花树下，画面构图采用黄金分割，人物与自然景观和谐统一，整体氛围宁静富有诗意，凸显视觉美感。,"A poet stands beneath a cherry blossom tree, with the composition following the golden ratio, harmoniously blending the figure with the natural scenery. The overall atmosphere is serene and poetic, highlighting a visual beauty."
2,整体 + 景别,宏大的古代宫殿全景镜头缓缓推进至雕花门窗特写，展现建筑整体气势与细节层次，景别变化丰富叙事。,"A grand panoramic view of an ancient palace gradually zooms in to a close-up of the carved windows and doors, showcasing both the overall grandeur and the intricate details of the architecture, with rich variations in framing that tell a story."
3,整体 + 光照,夕阳下的海滩，柔和逆光勾勒人物轮廓，整体色彩温暖，光线渲染浪漫气氛，视频充满情感共鸣。,"The beach under the sunset, with soft backlight outlining the contours of the figures, has an overall warm color palette that renders a romantic atmosphere, filled with emotional resonance in the video."
4,整体 + 影调,黑暗森林中一缕月光照亮小径，低影调强化神秘氛围，整体视频如梦境般引人入胜。,"A sliver of moonlight illuminates the path in the dark forest, enhancing the mysterious atmosphere with its low lighting. The entire video is enchanting, like a dream."
5,整体 + 色彩,丰收的果园特写，果实色彩饱和鲜艳，整体画面充满活力，传递喜悦情感，视觉冲击力强。,"A close-up of a bountiful orchard with fruits in vivid and saturated colors, creating a lively overall scene that conveys feelings of joy and has a strong visual impact."
6,整体 + 景深,厨师烹饪时焦点对准菜肴，背景虚化突出食物精致，整体视频流畅自然，诱人味蕾。,"The chef focuses on the dish while cooking, with a blurred background to highlight the delicacy of the food. The entire video is smooth and natural, tempting the viewer's taste buds."
7,整体 + 表情,特写人物微笑表情，眼神充满希望，整体视频情感饱满，引发观众强烈共鸣。,"A close-up of the character smiling, with hopeful eyes, creates an emotionally rich video that strongly resonates with the audience."
8,整体 + 服装,传统旗袍人物在江南水乡漫步，服装精致凸显文化韵味，整体画面古雅和谐。,"A traditional cheongsam-clad figure strolls through the water towns of Jiangnan, the exquisite attire highlighting the cultural charm, with the entire scene exuding an ancient and harmonious elegance."
9,整体 + 化妆,舞台演员的戏剧性妆容特写，化妆风格突出角色个性，整体视频艺术性强。,"Close-up of a theatrical actor's dramatic makeup, with a styling that highlights the character's personality, making the entire video visually artistic."
10,构图 + 景别,山脉远景与溪流近景交替，构图平衡主次分明，景别变化增强自然震撼力。,"The distant mountains and the nearby stream alternate, creating a balanced composition with clear focal points. The variation in scenery enhances the natural awe-inspiring effect."
11,构图 + 光照,城市建筑线条构图独特，黄昏光线塑造立体感，光影交错增强视觉层次。,"The city's architectural lines are uniquely composed, and the evening light casts shadows that enhance a sense of depth, with the interplay of light and shadow adding visual layers."
12,构图 + 影调,书房内书本堆叠的构成感构图，低影调突出宁静氛围，画面富有深度。,"The composition of books stacked in the study, with low-key lighting to emphasize a tranquil atmosphere, creates a sense of depth in the picture."
13,构图 + 色彩,市场摊位色彩缤纷，构图错落有致，色彩对比强烈且和谐，视觉愉悦。,"The market stalls are colorful, with a well-arranged layout that features strong yet harmonious color contrasts, providing a visually pleasing experience."
14,构图 + 景深,花卉前景虚化，焦点在中央人物，构图有层次感，景深自然突出主体。,"The flowers in the foreground are blurred, with the focus on the central figure. The composition has a sense of depth and layers, naturally highlighting the subject."
15,构图 + 表情,人物侧脸特写，构图采用三分法，表情忧郁传达情感，画面富有美感。,"A close-up of a character's profile, composed using the rule of thirds, with a melancholic expression that conveys emotion, creating a visually appealing image."
16,构图 + 服装,民族服装舞者动态构图，服装花纹与动作呼应，构图增强文化表现力。,"A dynamic composition of ethnic costume dancers, where the patterns on their costumes complement their movements, enhancing the cultural expression."
17,构图 + 化妆,面部妆容特写，构图对称突出五官，化妆风格复古，视觉冲击力强。,"Close-up of facial makeup with a symmetrical composition that highlights the features in a retro style, creating a strong visual impact."
18,景别 + 光照,从森林全景切换到阳光透过树叶的特写，光线斑驳渲染神秘气氛，景别过渡流畅。,"From a panoramic view of the forest to a close-up of sunlight filtering through the leaves, the dappled light casts a mysterious atmosphere, and the scene transitions smoothly."
19,景别 + 影调,战争废墟广角与残骸特写，低影调强化悲壮情感，景别变化深化叙事。,"Wide shots of war ruins and close-ups of debris, with low contrast enhancing the sense of tragedy, and changes in shot size deepening the narrative."
20,景别 + 色彩,彩虹全景与水滴特写，色彩渐变自然，景别运用增强自然之美。,"A full panoramic rainbow and close-up droplets, with natural color gradients, enhancing the beauty of nature through the use of different shot sizes."
21,景别 + 景深,城市天际线宏观镜头转向街道浅景深，景别与景深结合突出都市活力。,"The macro shot of the city skyline transitions to a close-up of the street with a shallow depth of field, combining framing and depth of field to highlight the dynamism of the city."
22,景别 + 表情,从人群远景聚焦到人物喜悦表情特写，景别烘托情感感染力。,"From a wide shot of the crowd, the focus shifts to a close-up of a person's joyful expression, highlighting the emotional impact."
23,景别 + 服装,传统节日游行广角与服装细节特写，景别展现服装文化与场面宏大。,Wide shots and close-ups of costumes during traditional festival parades showcase the cultural richness of the attire and the grand scale of the events.
24,景别 + 化妆,化妆过程从全景到眼部特写，景别强调化妆技巧与艺术性。,"The makeup process is shown from wide shots to close-ups of the eyes, emphasizing techniques and the artistry involved."
25,光照 + 影调,烛光晚餐场景，暖光营造温馨影调，光线与影调融合表达浪漫情绪。,"A candlelit dinner scene, with warm lighting creating a cozy atmosphere, blending the light and shadows to express a romantic mood."
26,光照 + 色彩,极光下景观，光线变幻与色彩流动结合，视觉震撼且和谐。,"The aurora-lit landscape, with its combination of shifting lights and flowing colors, is visually stunning and harmonious."
27,光照 + 景深,舞台聚光灯聚焦歌手，背景虚化，光线突出主体，景深增强表演张力。,"The stage spotlight focuses on the singer, with the background blurred, highlighting the subject and enhancing the dramatic tension of the performance through depth of field."
28,光照 + 表情,窗前人物面部柔光，表情沉思，光线渲染内敛情感，画面感人。,"The figure by the window is bathed in soft light, their expression one of deep thought. The lighting imbues the scene with a reserved emotion, making it profoundly touching."
29,光照 + 服装,丝绸服装在侧光下质感突出，光线增强服装华丽感，人物优雅。,"Silk garments stand out in sidelight, enhancing their luxurious appearance and adding to the elegance of the person wearing them."
30,光照 + 化妆,化妆面部在霓虹光下，光线凸显妆容金属感，风格前卫。,"The makeup on the face stands out under neon lights, highlighting a metallic sheen and a futuristic style."
31,影调 + 色彩,雨夜街景，低影调与霓虹色彩对比，氛围忧郁又绚丽。,"The rainy night street scene, with its low-key shadows contrasting against neon colors, creates an atmosphere that is both melancholic and dazzling."
32,影调 + 景深,雾中竹林，浅景深突出竹叶，低影调增强朦胧美感。,"Misty bamboo forest, with a shallow depth of field highlighting the bamboo leaves and low contrast enhancing the hazy beauty."
33,影调 + 表情,黑白影调人物特写，表情坚毅，影调强化角色深度。,"A close-up portrait in black and white with a resolute expression, emphasizing the tones to deepen the character's presence."
34,影调 + 服装,中世纪骑士服装在暗调城堡中，影调突出历史厚重感。,"Medieval knight costumes stand out in the dark-toned castle, highlighting the weight of history."
35,影调 + 化妆,吸血鬼妆容在阴影像调下，影调增强恐怖氛围，化妆逼真。,"Vampire makeup, under dark tonalities, enhances the eerie atmosphere with its realistic appearance."
36,色彩 + 景深,花园鲜花色彩鲜艳，景深虚化背景，色彩与焦点突出生机。,"The flowers in the garden are brightly colored, with a shallow depth of field that blurs the background, making the colors and focus stand out vividly."
37,色彩 + 表情,儿童笑脸特写，背景色彩明亮，色彩传递快乐情绪。,A close-up of a child's smiling face with a bright background that conveys feelings of happiness.
38,色彩 + 服装,节日服装色彩斑斓，色彩对比强烈，服装凸显庆典喜悦。,"The festival attire is vibrant and features strong color contrasts, highlighting the joy of the celebration."
39,色彩 + 化妆,艺术妆容色彩夸张，色彩搭配创新，视觉冲击力强。,"The artistic makeup features exaggerated colors, innovative color combinations, and a strong visual impact."
40,景深 + 表情,浅景深突出人物微笑表情，背景模糊，情感集中。,"A shallow depth of field highlights the person's smiling expression, with the background blurred to concentrate the emotional focus."
41,景深 + 服装,传统婚礼服装特写，景深虚化环境，服装细节突出。,"Close-up of traditional wedding attire, with a blurred background to highlight the details of the clothing."
42,景深 + 化妆,眼部妆容特写，景深使睫毛清晰，化妆精致迷人。,"Close up of eye makeup, depth of field makes eyelashes clear, delicate and charming makeup."
43,表情 + 服装,武士服装人物威严表情，服装与表情共同塑造角色气势。,"The dignified expression of the samurai character, combined with the costume, jointly shapes the character's presence."
44,表情 + 化妆,小丑妆容与夸张表情结合，化妆增强喜剧效果。,The clown's makeup and exaggerated expressions combine to enhance the comedic effect.
45,服装 + 化妆,宫廷贵妇服装与精致妆容，整体风格华丽历史感强。,Court ladies' attire and intricate makeup create an overall style that is luxurious and rich in historical grandeur.
46,整体 + 表情,人物演讲特写，表情自信，整体视频鼓舞人心，情感共鸣强。,"A close-up of the speaker, exuding confidence, with the entire video being inspiring and emotionally resonant."
47,整体 + 服装,时尚模特走秀，服装设计前沿，整体视频视觉冲击力强。,"The fashion show features trendy models and cutting-edge clothing designs, creating a strong visual impact overall."
48,整体 + 化妆,特效化妆过程，整体视频创意十足，技术精湛。,"The special effects makeup process, the overall video is full of creativity and superb skills."
49,构图 + 影调,几何建筑构图，影调低沉突出结构美，画面有构成感。,"The geometric architectural composition, with its somber tonality highlighting the structural beauty, gives the image a sense of composition."
50,光照 + 色彩,日落时海面光影与色彩交融，整体和谐富有美感。,The sunset blends the light and colors on the sea surface into a harmonious and beautiful whole.
51,构图 + 景别 + 光照,一座现代艺术博物馆的宏观全景缓缓推进至外墙材质的特写，构图采用引导线突出建筑线条，傍晚的侧光强化了建筑的质感和立体感，画面层次丰富。,"A panoramic view of a modern art museum gradually zooms in to a close-up of the exterior material. The composition uses leading lines to highlight the building's contours, and the side lighting in the evening enhances the texture and three-dimensionality of the architecture, making the image layers rich and diverse."
52,景别 + 影调 + 色彩,从秋日森林的广角镜头切换到一片红叶的微距特写，低饱和度的影调烘托出静谧氛围，色彩以暖黄和暗红为主，和谐而富有诗意。,"Switching from a wide-angle shot of an autumn forest to a macro close-up of a red leaf, the low saturation tones create a tranquil atmosphere, with warm yellow and dark red colors harmoniously blending together in a poetic manner."
53,表情 + 服装 + 化妆,一位京剧演员的面部特写，表情从凝重点燃为坚定的眼神，华丽的凤冠霞帔服装与浓重油彩妆容完美融合，塑造出威严且富有感染力的舞台角色。,"A close-up of a Peking opera actor's face, with an expression that transforms from a concentrated gaze into a resolute stare. The splendid costume of phoenix headdress and embroidered robe blends seamlessly with the heavy makeup, creating a powerful and captivating stage character."
54,整体 + 光照 + 色彩,日落时分的海滩，整体视频温暖而治愈，金色的阳光洒在海浪上，光线与蓝粉色天空形成柔和的色彩渐变，视觉冲击力强，引发情感共鸣。,"At sunset, the beach is captured in a warm and soothing video. Golden sunlight sprinkles over the waves, creating a soft gradient of colors between the light and the sky, which turns shades of blue and pink. The visual impact is strong, evoking emotional resonance."
55,构图 + 影调 + 景深,一条幽深的巷弄，构图利用两侧墙壁形成强烈的透视感，低调影像营造神秘气氛，浅景深将视线引导至巷弄尽头的光点，增强叙事性。,"A narrow, dim alleyway, with the composition using both sides of the walls to create a strong sense of perspective. The low-key imagery evokes an air of mystery, while shallow depth of field guides the viewer's gaze to a light at the end of the alley, enhancing the narrative quality."
56,景别 + 色彩 + 表情,在色彩缤纷的节日烟花背景下，从人群的欢呼中景切换到年轻人洋溢着灿烂笑容的脸部特写，明亮的色彩与喜悦的表情共同传递出欢庆的情感。,"Against the backdrop of colorful festival fireworks, the scene shifts from the cheering crowd to a close-up of a young person's face beaming with joy, where bright colors and expressions of delight come together to convey a sense of celebration."
57,光照 + 服装 + 化妆,一束顶光打在古典舞者身上，光线凸显了丝绸服装的流动光泽和面部妆容的精致细节，服装与化妆在光影下更显华美，角色塑造鲜明。,"A beam of top light falls on the classical dancer, highlighting the flowing sheen of the silk garments and the intricate details of the facial makeup. Under the play of light and shadow, the costumes and makeup appear even more resplendent, with the character vividly defined."
58,整体 + 构图 + 景深,一盘精致甜点的特写视频，整体呈现诱人食欲，构图将主体置于黄金分割点，背景虚化自然，景深巧妙突出食物的细腻质感。,"A close-up video of a delicate dessert, overall presenting an appetizing appeal. The composition places the main subject at the golden ratio point, with a naturally blurred background and a depth of field that cleverly highlights the fine texture of the food."
59,影调 + 色彩 + 服装,一位身着深色旗袍的女子在暗调的书房中，影调低沉突出怀旧氛围，服装的深色与手中书卷的暖色形成对比，色彩搭配凸显人物沉静气质。,"A woman in a dark cheongsam stands in a dimly lit study, where the low lighting accentuates a nostalgic atmosphere. The dark tones of her dress contrast with the warm hues of the book she holds, highlighting her tranquil demeanor through the color palette."
60,构图 + 表情 + 化妆,对称构图下，一位面容憔悴的戏剧角色直视镜头，夸张的泪滴妆容与绝望的表情相辅相成，构图强化了角色的悲剧性和视觉张力。,"In a symmetrical composition, a gaunt theatrical character stares directly into the lens, with exaggerated teardrop makeup complementing their expression of despair, enhancing both the character's tragic nature and visual tension."
61,景别 + 光照 + 影调,从暴风雨来临前乌云压城的远景，快速切换到窗户上雨滴的特写，变幻的光线与低沉的影调共同渲染出紧张而壮丽的自然气氛。,"From the distant view of dark clouds looming before the storm, the scene quickly cuts to a close-up of raindrops on a windowpane. The shifting light and somber tones combine to create a tense yet majestic atmosphere of nature."
62,整体 + 色彩 + 景深,春日花园的漫步视频，整体氛围生机盎然，色彩鲜艳的花朵充满画面，利用景深变化时而突出前景繁花，时而展现后景绿意，视觉享受。,"The spring garden stroll video exudes vitality with its vibrant colors and lush flowers filling the frame. By utilizing depth of field changes, it alternately highlights the blooming flowers in the foreground and showcases the greenery in the background, providing a visual treat."
63,光照 + 影调 + 表情,烛光下，一位老者的面部特写，跳动的光线在其脸上形成柔和的影调，慈祥而复杂的表情在光影中更显深邃，充满感染力。,"Under the candlelight, a close-up of an elderly man's face is shown. The flickering light creates soft shadows on his face, and his kind yet complex expression appears even more profound in the play of light and shadow, deeply touching."
64,构图 + 服装 + 化妆,一位未来战士的全身构图，服装设计充满机械细节，妆容带有荧光纹路，构图突出角色的科技感与力量感，风格突出。,"A full-body composition of a futuristic warrior, with costume design brimming with mechanical details and makeup featuring fluorescent patterns, emphasizing the character's sense of technology and strength, highlighting a distinctive style."
65,景别 + 景深 + 表情,从交谈的双人中景推近至其中一人若有所思的浅景深特写，虚化的背景使其微妙的表情成为焦点，传达出内心的犹豫情感。,"The medium close-up of the two conversing individuals zooms in on one of them in a shallow depth of field, thoughtfully pensive. The slightly blurred background brings focus to their subtle expressions, conveying a sense of inner hesitation."
66,整体 + 影调 + 服装,一位中世纪骑士策马徐行的慢镜头，整体视频具有史诗感，低调影像与古朴的铠甲服装共同强化了历史的厚重与角色的英勇。,"A slow-motion shot of a medieval knight riding slowly on horseback, with the entire video exuding an epic feel. The subdued imagery and rustic armor costumes work together to enhance the weight of history and the heroism of the character."
67,色彩 + 景深 + 化妆,妆容艺术视频，焦点集中在模特眼部，眼影色彩大胆撞色，背景虚化，景深使鲜艳的妆容细节极为突出，视觉美感强。,"A makeup art video with a focus on the model's eyes, featuring bold and clashing eyeshadow colors. The background is blurred, and the depth of field highlights the vibrant makeup details, creating a strong visual appeal."
68,构图 + 光照 + 色彩,城市夜景，构图以桥梁的曲线引导视线，灯光在水中的倒影形成斑斓色彩，光线运用恰到好处，营造出繁华而和谐的视觉氛围。,"The city skyline at night, with the curved bridge guiding the viewer's gaze, creates a vibrant visual atmosphere. The reflections of the lights in the water form a dazzling array of colors, and the lighting is perfectly employed to evoke a sense of prosperity and harmony."
69,整体 + 景别 + 表情,一个讲述归家故事的视频，从车站的远景到亲人相拥时泪中带笑的表情特写，景别变化自然，整体情感真挚，引发强烈共鸣。,"A video telling a story of returning home, from the long shot of the station to the close-up of tearful yet smiling faces as family members embrace, the changes in shot size are natural, and the overall emotion is sincere, evoking strong resonance."
70,影调 + 色彩 + 景深,雨后的都市夜晚，霓虹灯牌在湿漉漉的街道上反射出迷离色彩，利用浅景深聚焦于个别光斑，低调影像增添了一份孤独的都市美感。,"On a rainy night in the city, neon signs reflect hazy colors on the wet streets. Using a shallow depth of field to focus on individual light spots adds a touch of urban loneliness and beauty to the low-key imagery."
71,光照 + 表情 + 服装,清晨柔光透过窗户，照亮一位穿着洁白练功服的舞者，平静而专注的表情与素雅的服装在光线下显得纯净而富有美感。,"The gentle morning light streams through the window, illuminating a dancer clad in a white practice suit. Her serene and focused expression, paired with her simple attire, appears pure and aesthetically pleasing in the light."
72,构图 + 景别 + 影调,废弃工厂的内部，构图强调钢铁结构的几何感，从空旷的广角到锈迹特写的景别变化，统一在冷峻的灰色影调中，氛围压抑。,"Inside the abandoned factory, the composition emphasizes the geometric feel of the steel structures, with a range from wide-angle shots of the vast space to close-ups of rusted details, all unified in a cold, gray tonality, creating a oppressive atmosphere."
73,整体 + 化妆 + 服装,一位宫装女子的登场视频，整体造型华丽复古，精致的头饰妆容与锦绣服装相得益彰，极具视觉美感与文化韵味。,"A video featuring an elegantly dressed lady in imperial attire, with a luxurious and vintage overall appearance. Her exquisite headdress, makeup, and embroidered garments complement each other beautifully, offering a visually stunning and culturally rich aesthetic."
74,色彩 + 表情 + 服装,狂欢节上，身着鲜艳羽毛服装的舞者露出狂喜的表情，强烈的色彩对比与奔放的情感共同塑造出热烈欢快的角色形象。,"At the carnival, dancers in vibrant feather costumes wore expressions of ecstasy, and the strong color contrasts combined with unrestrained emotions jointly shaped lively and joyful characters."
75,景深 + 表情 + 化妆,极浅的景深下，焦点对准模特的眼神，眼部妆容的闪粉细节清晰，眼神中流露出的神秘感与妆容风格完美结合，富有魅力。,"With an extremely shallow depth of field, the focus is on the model's eyes, highlighting the sparkling details of her eye makeup. The enigmatic aura in her gaze perfectly complements the style of her makeup, exuding charm."
76,整体 + 构图 + 光照,一座现代教堂的内部空间，整体视频庄严肃穆，构图凸显建筑的对称与高耸，从彩玻璃透入的光线形成神圣的光束，氛围感强。,"The interior of a modern church is captured in a solemn video, with compositions highlighting the symmetry and grand height of the architecture. The light filtering through stained glass windows forms sacred beams, creating a strong sense of atmosphere."
77,景别 + 色彩 + 服装,从传统庙会的热闹全景，拉近到一位穿着汉服少女的腰部以上中景，服装的鲜艳色彩与背景的红灯笼相映成趣，文化气息浓厚。,"From the bustling scene of a traditional temple fair, the view zooms in to a young woman in a Hanfu dress, with a medium shot focusing on her upper body. The vibrant colors of her attire complement the red lanterns in the background, creating a rich cultural atmosphere."
78,光照 + 影调 + 景深,图书馆书架间，一束侧光打亮翻书的手，周围环境处于深沉的影调中，浅景深突出动作，光影营造出宁静而知性的氛围。,"A side light illuminates a hand turning the pages of a book among the library shelves, with the surrounding environment bathed in deep shadows. The shallow depth of field emphasizes the action, and the play of light and shadow creates a tranquil and intellectual atmosphere."
79,构图 + 色彩 + 表情,以一片纯色背景构图，焦点是人物充满希望的笑脸，背景色与人物服装色彩形成温和对比，构图简洁，情感表达直接有力。,"The composition features a solid-colored background, with the focal point being a hopeful smile on the subject's face. The background color creates a gentle contrast with the subject's clothing. The design is simple and straightforward, conveying emotions that are direct and powerful."
80,整体 + 景深 + 服装,T台时尚特写视频，整体风格前卫，景深极浅，焦点随模特步伐在服装的不同细节间流转，突出面料质感与设计巧思。,"A catwalk fashion close-up video with a cutting-edge style, featuring an extremely shallow depth of field. The focus shifts with the model's steps, highlighting different details of the clothing to emphasize the texture of the fabric and the design ingenuity."
81,影调 + 化妆 + 表情,低调人像，光线仅照亮半张脸，哥特风格妆容与忧郁迷离的表情在暗调中融为一体，强化了角色的神秘感和情绪深度。,"A low-key portrait with lighting illuminating only half the face, blending gothic makeup and melancholic, enigmatic expressions into the dark tones, enhancing the character's mystery and emotional depth."
82,构图 + 景别 + 色彩,丰收的麦田，构图采用曲线分割画面，从金色麦浪的远景到麦穗颗粒的特写，景别变化丰富，色彩统一而温暖，给人以愉悦。,"The thriving wheat fields, with a composition divided by curved lines, transition from a distant view of the golden wheat waves to a close-up of the wheat grains, offering a rich variation in framing. The unified and warm colors bring joy to the viewer."
83,光照 + 色彩 + 服装,舞台追光灯下，歌剧演员的华丽戏服折射出丰富色彩，光线不仅照亮主体，更与服装色彩共同塑造了辉煌的舞台形象。,"Under the spotlight on the stage, the opera actors' magnificent costumes reflect a rich array of colors. The light not only illuminates the performers but also, in conjunction with the hues of the costumes, creates a glorious stage image."
84,整体 + 影调 + 化妆,一个概念性美妆视频，整体艺术感极强，全程采用高反差黑白影调，凸显模特前卫妆容的结构与线条，视觉冲击力强。,"A conceptual makeup video with a strong artistic feel, using high-contrast black and white throughout to highlight the structure and lines of the model's avant-garde makeup, creating a powerful visual impact."
85,景别 + 光照 + 表情,从逆光剪影的远景，逐渐推近至人物被霞光勾勒的侧脸特写，光线渲染出浪漫气氛，表情宁静而满足，情感共鸣强烈。,"From the distant backlit silhouette, the scene gradually zooms in to a close-up of a profile face outlined by the glow of the sunset, the lighting creating a romantic atmosphere. The expression is serene and content, evoking a strong emotional resonance."
86,构图 + 影调 + 服装,一位侠客孤身立于悬崖的构图，剪影效果突出人物的孤独感，服装的飘动与背景的宏大共同增强了画面的戏剧性。,"The composition of a knight standing alone on a cliff highlights the character's sense of loneliness through silhouette effects, while the fluttering of clothing and the grandeur of the background enhance the dramatic aspect of the picture."
87,色彩 + 景深 + 服装,一位身着淡雅和服的女子在樱花树下，服装的柔和色彩与樱花相融，利用景深虚实变化，使人物在缤纷背景中脱颖而出，画面唯美。,"A woman in a soft and elegant kimono stands under a cherry blossom tree. The gentle colors of her attire blend harmoniously with the cherry blossoms. Through the use of depth-of-field techniques, the figure stands out against the vibrant background, creating a stunningly beautiful scene."
88,整体 + 景别 + 光照,纪录片风格的山水视频，整体展现自然之壮阔，从航拍全景到水波粼粼的特写，不同时间的光线塑造出多变的景观质感。,"A documentary-style landscape video showcasing the grandeur of nature, from aerial panoramic shots to close-ups of rippling waters, with varying light conditions at different times creating diverse textures in the scenery."
89,表情 + 服装 + 化妆,一位变身中的科幻角色，表情从痛苦到坚毅，服装与化妆随之发生光效变化，三者结合紧密，生动讲述了角色转变的故事。,"A sci-fi character in the midst of a transformation, with expressions shifting from pain to resolve, accompanied by light effects changing on their costume and makeup. The three elements come together seamlessly, vividly telling the story of the character's transition."
90,构图 + 光照 + 景深,餐桌上的一道美食，构图精致，顶光突出食物的光泽与纹理，景深控制使主体清晰而背景餐具适当虚化，诱人味蕾。,"A delicacy on the dining table, with a meticulously composed layout, the top lighting highlights the luster and texture of the food. The depth of field is controlled so that the main subject is clear while the background utensils are appropriately blurred, enticing the taste buds."
91,整体 + 色彩 + 表情,一个关于童年回忆的视频，整体色调清新明亮，色彩饱和度高，孩子们天真无邪的笑脸特写贯穿始终，充满快乐与感染力。,"A video about childhood memories has an overall fresh and bright tone with high color saturation. Close-ups of children's innocent smiles run throughout, filled with joy and infectious energy."
92,影调 + 景深 + 服装,古堡长廊中，一位身着复古长裙的女子背影，深沉的影调与纵深感强的景深共同营造神秘感，服装细节在朦胧中若隐若现。,"In the long corridor of an ancient castle, the silhouette of a woman in a vintage dress creates an air of mystery, enhanced by the deep shadows and strong depth of field. The details of her attire are barely visible through the haze."
93,景别 + 影调 + 化妆,从化妆镜中的倒影中景，切换到眼部妆容的极致特写，影调偏暗以突出妆容的色彩与光泽，展现化妆过程的艺术性。,"Switching from a view of the reflection in the makeup mirror to an extreme close-up of the eye makeup, with dark tones to highlight the colors and shine of the makeup, showcasing the artistry of the makeup process."
94,光照 + 色彩 + 景深,水族馆中，光线透过水缸投射出蓝色调，鱼群游过时利用景深突出特定色彩鲜艳的个体，色彩与光影交织出梦幻场景。,"In the aquarium, blue-toned light filters through the tanks, highlighting individual fish with vibrant colors as they swim past, creating a dreamlike scene where color and light interweave."
95,整体 + 构图 + 表情,一个人物访谈视频，整体质感真实感人，构图稳定突出人物，受访者真挚的表情特写牢牢抓住观众，引发深度共鸣。,"A character interview video with a genuine and touching overall feel, the composition is stable and highlights the subject, with close-ups of the sincere expressions of the interviewee capturing the audience and evoking deep resonance."
96,构图 + 色彩 + 服装,市集上，构图捕捉一位身着民族服装的老奶奶坐在色彩斑斓的商品中间，色彩丰富而和谐，服装凸显了地域文化特色。,"At the market, a composition captures an elderly lady in ethnic attire sitting among vibrant goods, with rich and harmonious colors highlighting the regional cultural characteristics of her clothing."
97,景别 + 景深 + 服装,从时装秀的后台全景，快速聚焦到一位模特服装上的独特刺绣特写，景别与景深结合展现了服装的局部之美与整体环境。,"From the wide shot of the backstage of a fashion show, the focus quickly zooms in on the intricate embroidery on a model's outfit, combining framing and depth of field to highlight both the detail of the garment and its overall environment."
98,光照 + 影调 + 色彩,燃烧的篝火旁，暖色调的光线在夜幕中跳跃，火光与周围人脸的色彩温暖而生动，氛围感十足。,"By the blazing bonfire, warm-toned light dances in the night sky, casting a vivid and lively warmth on the faces around it, creating a wonderfully atmospheric scene."
99,整体 + 光照 + 化妆,一个高级定制妆容展示视频，整体制作精良，利用专业影室光多角度打亮模特面部，完美呈现妆容的质感与立体感，技术性强。,"A high-end custom makeup demonstration video, with overall excellent production quality, uses professional studio lighting from multiple angles to highlight the model's face, perfectly showcasing the texture and dimension of the makeup. The video is technically sophisticated."
100,影调 + 表情 + 服装,黑白摄影风格视频，影调细腻，一位穿着简约黑色礼服的歌手演唱时投入的表情被强调，服装与影调共同突出情感表达。,"A black and white photography style video with delicate tones highlights the devoted expression of a singer in a simple black evening gown, with the attire and tones working together to emphasize emotional expression."
101,构图 + 景别 + 景深,古老的石拱门下，利用框架构图，从门外的广阔景象到门洞内壁的苔藓细节，景别与景深变化增强空间叙事。,"Beneath the ancient stone archway, using framing composition, the scene transitions from the vast view outside the door to the moss details inside the arch, enhancing the spatial narrative through variations in depth of field and shot size."
102,色彩 + 表情 + 化妆,小丑演员脸部特写，妆容色彩对比强烈，表情瞬间由笑转悲，色彩与妆容放大了表情的戏剧性变化，极具感染力。,"A close-up of a clown actor's face with vibrant makeup shows an instant shift from laughter to sorrow, amplifying the dramatic change in expression through color and makeup, making it highly infectious."
103,整体 + 影调 + 景深,雾中竹林的风光视频，整体意境悠远，低调影像与雾气共同营造朦胧感，景深控制使竹子的前后层次分明，诗意盎然。,"The video of bamboo forests in the fog features a distant and poetic atmosphere. The low-key imagery combined with the mist creates a sense of haziness, while the depth of field control clearly delineates the front-to-back layers of the bamboo, exuding poetic charm."
104,光照 + 服装 + 表情,夕阳逆光下，一位少女穿着轻纱长裙奔跑，光线勾勒出轮廓光，服装飘逸，表情自由快乐，画面充满青春美感。,"Under the backlight of the sunset, a young girl runs in a flowing long dress, with light outlining her silhouette. Her attire is graceful, and her expression exudes freedom and joy, creating a scene full of youthful beauty."
105,构图 + 影调 + 色彩,一幅以冷色调为主的城市雨夜构图，影调低沉，但霓虹灯牌的暖色点缀其中，色彩对比形成了独特的视觉氛围。,"A city night rain scene dominated by cool tones, with a somber mood brightened by warm neon signs, creating a unique visual atmosphere through color contrast."
106,景别 + 光照 + 服装,从宫殿王座的全景镜头，推近至国王身着华服的中景，一道光柱从顶部照亮国王，光线凸显了服装的华贵与角色的权威。,"From a wide shot of the palace throne, it zooms in to a mid-shot of the king dressed in regal attire. A beam of light shines down on the king, highlighting the opulence of his clothing and emphasizing his authority."
107,整体 + 色彩 + 化妆,一个艺术彩妆创作视频，整体构思新颖，大胆运用对比色块在面部进行创作，色彩搭配极具视觉冲击力，展现个性风格。,"A makeup art creation video with an innovative overall concept, boldly using contrasting color blocks on the face for artistic expression. The color combinations are visually striking and showcase a unique personal style."
108,影调 + 景深 + 表情,黑暗中一束微光照射下的面部特写，极浅景深使眼睛清晰，眼神中蕴含的故事在低调影像中显得格外深刻动人。,"A close-up of a face illuminated by a faint light in the darkness, with an extremely shallow depth of field that makes the eyes clear. The stories reflected in the eyes are particularly profound and touching against the understated backdrop."
109,构图 + 光照 + 表情,窗边人物肖像，构图简洁，柔和的自然光均匀照亮面部，人物露出淡淡的微笑，光线与表情共同传递出宁静温馨的情绪。,"A portrait of a person by the window, with a simple composition and soft natural light evenly illuminating the face. The subject wears a faint smile, and together the light and expression convey a sense of tranquility and warmth."
110,整体 + 构图 + 服装,一场传统戏曲表演的记录视频，整体上完美展现了程式化的美感，构图讲究，演员的服装在画面中色彩鲜艳、纹样精致，文化韵味深厚。,"A recorded video of a traditional opera performance perfectly showcases the stylized beauty, with well-composed visuals and actors' costumes that are vibrant in color and exquisitely patterned, rich in cultural flavor."
111,构图 + 景别 + 光照 + 影调,一座哥特式大教堂的内部，构图强调其穹顶的纵深感，从宏伟的全景切换到彩绘玻璃的细节特写，黄昏时分的光线透过玻璃投射出斑斓色彩，整体影调低沉而神圣，营造出庄严氛围。,"The interior of a Gothic cathedral, with its composition emphasizing the depth of the vaulted ceiling, shifts from a majestic panoramic view to a detailed close-up of the stained glass. As twilight sets in, light filters through the glass, casting a spectrum of vibrant colors and creating an overall somber yet sacred atmosphere imbued with solemnity."
112,景别 + 光照 + 色彩 + 表情,篝火旁，从围坐人群的中景推近至一位讲述故事者被火光映红的脸部特写，暖色调的光线使其生动的表情充满温暖与感染力，色彩浓郁情感真挚。,"By the campfire, the scene pushes in from a mid-shot of the gathered crowd to a close-up of a storyteller's face illuminated by the warm glow of the fire. The rich hues and heartfelt emotions make their expressive features warm and infectious."
113,表情 + 服装 + 化妆 + 整体,一位京剧名角的后台准备视频，整体上堪称完美的艺术记录，其对镜勾勒脸谱时专注的表情、华丽的戏服与程式化的浓妆相辅相成，极具视觉冲击力和文化内涵。,"The backstage preparation video of a famous Peking Opera actor is a perfect artistic record overall. His focused expression while outlining his facial makeup, gorgeous costumes, and formulaic heavy makeup complement each other, creating a strong visual impact and cultural connotation."
114,构图 + 影调 + 景深 + 服装,一位身着黑色礼服的侦探在雾都街角，构图将其置于画面一侧形成悬念，低调影像与雾气弥漫的浅景深共同烘托神秘感，服装凸显了角色身份。,"A detective in a black tuxedo stands at a street corner in the foggy city, with the composition placing him to one side of the frame to create suspense. The low-key lighting and shallow depth of field, filled with mist, enhance the mysterious atmosphere, while his attire highlights his character's identity."
115,光照 + 色彩 + 景深 + 化妆,时尚大片特写，一束硬光强调模特面部结构，大胆的撞色眼妆在光线下水显突出，极浅景深虚化所有背景，使妆容色彩与质感成为唯一焦点，前卫而富有冲击力。,"Close-up from a fashion spread, with harsh lighting highlighting the model's facial structure. Bold clashing eyeshadows stand out under the light, while an extremely shallow depth of field blurs the entire background, making the makeup colors and textures the sole focus, creating a avant-garde and impactful look."
116,整体 + 景别 + 色彩 + 表情,一个记录儿童生日派对的视频，整体氛围欢乐温馨，景别在派对全景与孩子们惊喜笑脸的特写间切换，明亮活泼的色彩与纯真表情共同传递出无限快乐。,"A video recording a children's birthday party captures an atmosphere that is joyful and warm-hearted. The scenes alternate between wide shots of the entire party and close-ups of the children's delighted smiles, with bright and lively colors complementing their innocent expressions to convey endless happiness."
117,构图 + 光照 + 影调 + 色彩,雨后的霓虹灯街区，构图利用湿滑地面的倒影形成对称，光线在积水上的反射与霓虹灯的色彩交织，整体呈现一种冷峻又绚丽的都市影调，视觉氛围独特。,"After the rain, the neon-lit district forms a symmetrical composition using the reflections on the wet ground. The light reflecting off the puddles intertwines with the colors of the neon lights, creating an overall cold yet vibrant urban atmosphere that is visually unique."
118,景别 + 影调 + 表情 + 服装,从千军万马的战场远景，聚焦到一位浑身浴血的将军坚毅的面部特写，低影调强化了悲壮感，破损的铠甲服装与其决绝的表情共同塑造了英雄末路的角色形象。,"From the vast battlefield scene filled with countless soldiers, the focus shifts to a close-up of a blood-covered general's resolute face. The low-key lighting intensifies the sense of tragedy, and the damaged armor and his determined expression together create the image of a hero at the end of his road."
119,整体 + 构图 + 景深 + 化妆,一个超现实主义妆容艺术视频，整体构思新颖技术精湛，构图将面部分割进行创意表达，通过焦点切换引导观众欣赏妆容不同部位的精细细节，视觉震撼。,"A surrealistic makeup art video with a novel and ingenious concept, showcasing exquisite craftsmanship. The composition creatively divides the face to express ideas, using focal shifts to guide viewers through the intricate details of different parts of the makeup, delivering a stunning visual impact."
120,光照 + 影调 + 色彩 + 服装,烛光摇曳的古典书房内，一位身着丝绒长袍的学者，暖光营造出温馨影调，服装的深红色与暖黄光线相得益彰，色彩搭配凸显人物的沉稳与学识。,"In a classical study room where candlelight flickers, a scholar in a velvet robe stands out. The warm light creates a cozy atmosphere, and the deep red of his attire complements the warm yellow glow, highlighting his steady demeanor and scholarly knowledge."
121,构图 + 景别 + 色彩 + 景深,春日樱花树下，构图采用框架式突出树下的茶席，景别从花枝烂漫的远景推到茶杯氤氲热气的特写，柔和的粉色色彩与浅景深共同营造出恬静唯美的画面。,"Under the cherry blossom tree in spring, the composition uses a framing technique to highlight the tea setting below the tree. The shot starts from a distant view of the blooming branches and pushes in to a close-up of the steam rising from the teacup. The soft pink tones combined with a shallow depth of field create a tranquil and beautiful scene."
122,整体 + 光照 + 表情 + 服装,一位芭蕾舞者在排练厅的独舞视频，整体上优雅动人，顶光洒下勾勒其曼妙身姿，舞者投入的表情与洁白的舞裙在光线下更显圣洁，充满美感。,"A solo dance video of a ballet dancer in a rehearsal studio is overall elegant and captivating. The top lighting outlines her graceful figure, and the dancer's devoted expression, paired with her white tutu, appears even more ethereal and beautiful under the light."
123,影调 + 色彩 + 景深 + 表情,采用复古胶片色调，在喧闹的市集中用浅景深聚焦一位老人饱经风霜却带着笑意的脸，背景色彩斑斓但被虚化，表情故事感极强。,"Using a vintage film tone, the shallow depth of field focuses on an elderly person's weathered but smiling face in the bustling market, with the colorful background blurred, creating a strong sense of expression and story."
124,构图 + 光照 + 服装 + 化妆,对称构图下，一位未来女战士的正面特写，服装的金属质感与面部发光纹路妆容在冷色调光源下格外醒目，构图与光效共同强化了角色的科技感与力量感。,A close-up of a female warrior from the future is presented in a symmetrical composition. Her metallic costume and glowing facial patterns stand out prominently under cool-toned lighting. The composition and lighting effects work together to enhance the character's sense of technology and power.
125,整体 + 景别 + 影调 + 景深,一段关于深山古寺的纪实视频，整体意境空灵，景别从山峦远景逐步深入寺内静谧的庭院，低调影像与适当的景深变化增强了空间的幽深与禅意。,A documentary video about an ancient temple in the deep mountains has an ethereal atmosphere. The scenes progress from distant mountain ranges to the tranquil courtyards inside the temple. The low-key imagery and appropriate depth of field changes enhance the sense of depth and Zen-like ambiance.
126,色彩 + 表情 + 服装 + 化妆,狂欢节上，一位舞者脸上画着夸张的油彩妆容，身着五彩羽毛服装，伴随着音乐露出狂喜的表情，四者结合爆发出强烈的视觉狂欢与情感感染力。,"At the carnival, a dancer wore exaggerated makeup on their face and colorful feathered attire, exuding an expression of ecstasy to the music. The combination of these elements unleashed a powerful visual feast and emotional impact."
127,构图 + 景别 + 光照 + 色彩,丰收的麦田，构图利用田垄的线条引导视线，景别在金色麦浪的航拍全景与沉甸甸麦穗的特写间变化，夕阳的暖光让色彩无比饱和温暖，画面和谐愉悦。,"The ripe wheat fields, with the furrows guiding the viewer's gaze through their lines, shift between aerial panoramic shots of the golden wheat waves and close-ups of heavy wheat ears. The warm light of the setting sun saturates the colors, making them rich and warm, creating a harmonious and joyful scene."
128,整体 + 构图 + 光照 + 影调,一个展现现代极简主义建筑的视频，整体作品精准而富有设计感，构图突出建筑的几何线条，利用正午强光塑造立体感，影调干净利落。,"A video showcasing modern minimalist architecture, with the entire piece precise and design-oriented. The composition highlights the geometric lines of the buildings, using the strong midday light to create a sense of depth, with a clean and crisp tonality."
129,景别 + 光照 + 景深 + 表情,从窗外雨景的空镜，拉回到窗内人物凝视窗外的脸部特写，玻璃上的雨痕模糊了背景，柔和的天光映照出其若有所思的表情，氛围宁静。,"From an empty shot of the rain scene outside the window, the focus pulls back to a close-up of the character's face as they gaze out the window. Rain streaks on the glass blur the background, and soft natural light highlights their contemplative expression, creating a tranquil atmosphere."
130,影调 + 色彩 + 服装 + 整体,一部具有黑色电影风格的短片片段，整体风格化强烈，高对比度的黑白影调，一位穿着风衣的侦探身影在光影中穿梭，服装与影调共同定义了人物特征。,"A clip from a short film with a film noir style, featuring strong overall stylization and high-contrast black-and-white tones. A detective in a trench coat moves through the play of light and shadow, with his attire and the lighting together defining his character traits."
131,构图 + 色彩 + 景深 + 服装,熙攘的传统市集上，构图捕捉一位身着鲜艳民族服装的老奶奶，她周围色彩斑斓的商品被虚化，焦点清晰的老奶奶与其服装成为视觉中心，文化气息浓厚。,"In the bustling traditional market, the composition captures an elderly lady dressed in vibrant ethnic attire. The colorful goods around her are slightly blurred, making the sharp focus on the old lady and her clothing the visual centerpiece, exuding a strong cultural atmosphere."
132,整体 + 景别 + 光照 + 化妆,一个专业美妆教程视频，整体制作精良，景别从全脸展示到眼部唇部特写，在均匀明亮的环形光照射下，模特妆容的每一个细节都完美呈现，技术性强。,"A professional makeup tutorial video, with overall high-quality production, features shots ranging from full-face views to close-ups of the eyes and lips. Under the even and bright circular lighting, every detail of the model's makeup is perfectly presented, showcasing strong technical skills."
133,光照 + 影调 + 表情 + 化妆,戏剧性光线下，仅半张脸被照亮，凸显了角色诡异的妆容和阴郁的表情，强烈的光影对比放大了角色的神秘感和内心冲突。,"Under dramatic lighting, with only half the face illuminated, the character's eerie makeup and gloomy expression are highlighted, and the strong contrast between light and shadow amplifies their air of mystery and inner conflict."
134,构图 + 景别 + 影调 + 服装,一位孤独的骑士行走在荒原上的全景构图，景别突显环境的辽阔与人的渺小，灰冷的影调与古朴的铠甲服装共同强化了旅途的艰辛与孤独。,"A wide shot of a lone knight walking across the wilderness, emphasizing the vastness of the environment and the insignificance of human presence. The bleak and cold tones, combined with the rustic armor and clothing, accentuate the hardship and loneliness of the journey."
135,整体 + 色彩 + 景深 + 表情,一个关于初恋的微电影片段，整体色调清新柔和，大量使用浅景深突出主角青涩而甜蜜的表情，背景虚化成斑斓色块，情感表达细腻动人。,"A clip from a micro-film about first love, with an overall soft and gentle color palette. It extensively uses shallow depth of field to highlight the youthful and sweet expressions of the main characters, blurring the background into vibrant blocks of color, making the emotional expression delicate and touching."
136,构图 + 光照 + 景深 + 表情,采用经典的伦勃朗光构图，光线在人物面部形成三角光斑，浅景深使焦点落在含笑的眼眸上，虚化的背景更突出人物温柔的表情，肖像感极强。,"Using the classic Rembrandt lighting setup, the light forms a triangular highlight on the subject's face, while a shallow depth of field keeps the smiling eyes in focus, with the blurred background highlighting the gentleness of their expression, creating a very strong portrait effect."
137,景别 + 影调 + 色彩 + 景深,雾中湖面的早晨，从朦胧的远景切换到水珠挂在蛛网上的特写，影调柔和，色彩淡雅，利用景深控制使前景的水珠与后景的雾气产生层次感，画面宁静诗意。,"On a misty morning by the lake, the scene shifts from a hazy distance to a close-up of dewdrops hanging on a spider web. The tones are soft, and the colors are delicate. By controlling the depth of field, the dewdrops in the foreground and the mist in the background create layers, making the image serene and poetic."
138,整体 + 构图 + 服装 + 化妆,一场高级定制时装秀的后台记录，整体上展现了时尚工业的极致美学，构图讲究，模特们身着华服，妆容前卫，共同构成一幅视觉盛宴。,"A backstage account of a haute couture fashion show, showcasing the pinnacle of aesthetic excellence in the fashion industry. The composition is meticulously arranged, with models wearing elaborate garments and avant-garde makeup, collectively creating a visual feast."
139,光照 + 色彩 + 表情 + 服装,阳光明媚的花园中，一位少女穿着碎花裙在花丛中转身微笑，自然光线下服装的柔和色彩与周围环境相融，表情清新自然，充满青春美感。,"In the sunlit garden, a young girl in a floral dress turns to smile among the flowers. The soft colors of her dress blend harmoniously with the surroundings under natural light, and her expression is fresh and natural, exuding the beauty of youth."
140,构图 + 影调 + 色彩 + 化妆,背景纯黑的构图下，焦点是一张极具艺术感的妆容面孔，影调深沉，妆容色彩饱和度高且对比强烈，形成一种强烈、抽离的视觉艺术效果。,"Against a pitch-black backdrop, the focal point is an artfully made-up face with deep tones and high color saturation, creating a strong, detached visual artistic effect through intense contrasts."
141,整体 + 景别 + 光照 + 服装,纪录片式地跟拍一位手工艺人，整体叙事流畅真实，景别在其工作环境与专注工作的手部特写间切换，窗光柔和地照亮其传统服饰，凸显匠心与传承。,"The documentary-style filming follows a craftsman with a smooth and authentic narrative. The camera alternates between wide shots of his working environment and close-ups of his focused hands at work. Soft light from the window illuminates his traditional attire, highlighting both his craftsmanship and dedication to preserving the tradition."
142,景别 + 光照 + 影调 + 景深,幽暗的古堡走廊，从走廊尽头的微光到墙上火炬跳动的火焰特写，光线摇曳，影调低沉，景深变化增强了空间的深邃与神秘感。,"The dimly lit corridor of an ancient castle, from the faint light at the end to the close-up of the flickering flames of torches on the walls, with shifting lights and a somber tone, the changes in depth of field enhance the sense of depth and mystery of the space."
143,色彩 + 景深 + 表情 + 化妆,一个妆容创意视频，背景是纯色渐变，利用景深始终聚焦模特眼部，模特通过眼神变化传递情绪，与眼部创意彩妆相互作用，极具表现力。,"A makeup creativity video with a solid color gradient background focuses on the model's eyes using depth of field, conveying emotions through changes in her gaze and interacting with creative eye makeup, making it highly expressive."
144,整体 + 构图 + 影调 + 表情,一个人物专访视频，整体质感深刻，构图稳定，采用低调影像突出受访者面部，其真诚而复杂的表情在影调衬托下更具说服力和感染力。,"A character interview video with a profound overall quality, stable composition, and low-key lighting that highlights the respondent's face. Their sincere and complex expressions are more convincing and moving under the tonal setting."
145,光照 + 影调 + 服装 + 化妆,舞台剧场景，一道追光打在主角身上，其华丽的戏服与夸张的舞台妆容在光线下非常醒目，周围环境隐没在黑暗中，突出表演的戏剧性。,"On the stage, a spotlight falls on the main character, whose magnificent costume and exaggerated makeup stand out vividly under the light, while the surrounding environment fades into darkness, accentuating the dramatic performance."
146,构图 + 景别 + 色彩 + 服装,节日庆典上，采用高角度构图捕捉身着五彩传统服装的人群组成图案，景别展现宏大场面与个体服装细节，色彩缤纷热闹，文化氛围热烈。,"At festival celebrations, use a high-angle composition to capture groups of people dressed in colorful traditional costumes, forming intricate patterns. The shot should showcase both the grand scale of the scene and the details of individual outfits, with vibrant colors creating a lively atmosphere and a strong cultural ambiance."
147,整体 + 光照 + 色彩 + 景深,美食广告视频，整体视觉效果诱人，光线精准打亮食物凸显色泽，通过焦点转换展示食物的整体与局部质感，令人垂涎欲滴。,"The food advertisement video has an overall visually appealing effect. The lighting is precisely adjusted to highlight the colors of the food, and through focal transitions, it showcases both the overall and detailed textures of the dishes, making them look incredibly appetizing."
148,影调 + 景深 + 表情 + 服装,黑白高对比度影调下，一位身着复古西装的老绅士坐在咖啡馆角落，浅景深使其深邃的表情成为焦点，服装与影调共同营造了怀旧与故事感。,"Against a high-contrast black-and-white backdrop, an elderly gentleman dressed in vintage suit sits in the corner of a café. A shallow depth of field brings his enigmatic expression into sharp focus, with his attire and the lighting working together to evoke a sense of nostalgia and storytelling."
149,构图 + 光照 + 表情 + 化妆,特写镜头中，光线从侧面照亮模特的脸，凸显其立体的五官和精致的妆容，模特直视镜头，表情自信而略带挑衅，构图与光效强化了其个性魅力。,"In the close-up shot, light illuminates the model's face from the side, highlighting her well-defined features and delicate makeup. The model looks directly into the lens with a confident and slightly defiant expression, and the composition and lighting enhance her distinctive charm."
150,整体 + 景别 + 色彩 + 服装,一个展现民族风情的音乐视频，整体色彩浓郁奔放，景别在群舞全景与舞者个体中景间切换，传统服装的色彩和图案是视觉核心，活力四射。,"A music video showcasing ethnic charm with rich and vibrant colors. The scenes switch between wide shots of group dances and medium shots of individual dancers. The colors and patterns of the traditional costumes are the visual focal points, exuding energy and dynamism."
151,构图 + 影调 + 景深 + 表情,利用门框形成框架构图，门外是亮堂的世界，门内阴影中一个人物表情犹豫，浅景深突出了其面部挣扎，增强了叙事张力。,"Using the door frame to create a compositional boundary, the bright world outside the door contrasts with the shadowy figure inside, who looks hesitant. The shallow depth of field highlights the struggle on their face, enhancing the narrative tension."
152,光照 + 色彩 + 景深 + 服装,阳光透过树叶洒在一位穿着白裙的少女身上，形成斑驳光点，服装的白色与绿色背景色彩清新，浅景深使光斑虚化，营造梦幻氛围。,"Sunlight filtered through the leaves, casting dappled spots on a young girl dressed in a white skirt. The white of her dress against the green backdrop creates a refreshing color scheme, and the shallow depth of field blurs the light spots, creating a dreamlike atmosphere."
153,整体 + 构图 + 景别 + 影调,一段关于废弃工业区的视觉探索视频，整体风格统一且富有冲击力，构图强调钢铁结构的几何美感，景别从宏大到局部的变化在统一的冷峻影调下进行，氛围压抑而壮美。,"A visual exploration video of an abandoned industrial area with a consistent and impactful style. The composition emphasizes the geometric beauty of steel structures, with shots ranging from grand to close-up, all set against a unified cold and bleak tone. The atmosphere is oppressive yet majestic."
154,景别 + 光照 + 色彩 + 化妆,从化妆师工作的中景，推近到模特眼部妆容完成的特写，在均匀光线下，眼影的色彩过渡和闪粉细节一览无余，展现化妆的艺术性与技术性。,"From a mid-shot of the makeup artist at work, the scene zooms in to a close-up of the finished eyeshadow on the model. Under even lighting, the color transitions of the eyeshadow and the details of the shimmer are fully revealed, showcasing the artistry and technique of makeup."
155,影调 + 色彩 + 表情 + 整体,一个关于城市孤独者的短片，整体采用蓝灰色调，主角在霓虹灯下孤独行走的表情特写贯穿始终，色彩与表情共同深化了现代疏离感的主题。,"A short film about an urban loner uses an overall blue-gray tone. Close-ups of the protagonist's lonely expression as he walks under neon lights run throughout the film, with colors and expressions together deepening the theme of modern alienation."
156,构图 + 景深 + 表情 + 服装,一位身着职业套装的白领站在落地窗前，构图将其置于画面边缘望向窗外，浅景深虚化城市背景，其疲惫而坚定的表情与干练的服装定义了角色状态。,"A white-collar professional in a suit stands by a floor-to-ceiling window, positioned at the edge of the frame looking outwards. The shallow depth of field blurs the cityscape behind her, highlighting her tired yet resolute expression and her sharp, put-together attire, which defines her character's state."
157,整体 + 光照 + 影调 + 化妆,一个概念性艺术视频，整体实验性强，利用强烈的单一方向光线在模特面部制造高反差影调，妆容设计与之配合，形成抽象的光影图案，视觉独特。,"A conceptual art video with a strong experimental quality, it uses intense single-direction lighting on the model's face to create high-contrast shadows. The makeup design complements this, forming abstract patterns of light and shadow with a unique visual effect."
158,景别 + 影调 + 色彩 + 服装,从夜幕降临华灯初上的城市远景，切换到一位穿着晚礼服赴宴女子的中景，丰富的夜景色彩与服装的优雅在低影调下更显迷人。,"From the panoramic view of the city as night falls and the lights come on, the scene transitions to a medium shot of a woman in an evening gown attending a banquet. The rich colors of the night scenery and the elegance of her attire are even more captivating against the low-key lighting."
159,构图 + 光照 + 景深 + 服装,博物馆中，一束射灯照亮一件古代铠甲，构图突出其形态，景深虚化周围环境，光线充分展现了铠甲的质感与岁月痕迹，历史感厚重。,"In the museum, a spotlight illuminates an ancient suit of armor, highlighting its form while blurring the surroundings to create depth. The light fully showcases the texture and patina of the armor, imbuing it with a strong sense of history."
160,整体 + 构图 + 色彩 + 表情,一个儿童绘画过程的视频，整体充满童真与创造力，构图活泼，画面中充满孩子涂鸦的鲜艳色彩，孩子创作时专注或开心的表情特写尤为动人。,"A video of a child's painting process is filled with innocence and creativity, featuring lively compositions and bright colors from the child's scribbles. Close-ups of the child's focused or joyful expressions while creating are especially touching."
161,构图 + 景别 + 光照 + 影调 + 色彩,暮色中的古城广场，构图以钟楼为中心形成视觉引导线，景别从宏伟的全景切换到石砖墙壁的质感特写，最后一缕夕阳的暖光与逐渐升起的冷蓝色影调交织，色彩过渡自然和谐，营造出时光流逝的独特氛围。,"In the twilight, the ancient city square is centered around the clock tower, creating a visual focal point. The shot transitions from a grand panoramic view to a close-up of the texture of the stone brick walls. The last warm rays of sunlight intertwine with the rising cool blue tones, creating a natural and harmonious color transition that evokes a unique atmosphere of time passing."
162,景别 + 光照 + 色彩 + 表情 + 服装,宫廷舞会场景，从华灯初上的大厅全景推近至一位身着洛可可风格华服的女爵的中景，水晶吊灯的光线使其珠宝首饰光彩夺目，她与舞伴交谈时露出的优雅微笑与奢华服装共同定义了角色的高贵身份。,"A ballroom scene in the palace, from a wide shot of the grand hall as the chandeliers light up to a mid-shot of a duchess dressed in elaborate Rococo attire. The crystal chandeliers highlight her jewelry, and her graceful smile as she converses with her dance partner, together with her opulent costume, defines her noble status."
163,整体 + 构图 + 光照 + 表情 + 化妆,一个高级时装彩妆广告视频，整体制作堪称完美，构图极具创意地将模特面部置于视觉中心，专业影室光精准勾勒面部轮廓，模特冷艳的表情与前沿的金属质感妆容相辅相成，视觉冲击力极强。,"A high-end fashion makeup advertisement video, flawlessly produced overall, creatively centers the model's face visually, with professional studio lighting precisely outlining the facial contours. The model's icy expression complements the avant-garde metallic finish of the makeup, creating a powerful visual impact."
164,构图 + 影调 + 景深 + 服装 + 化妆,一位维多利亚时代的幽灵仕女出现在古堡走廊，构图将其置于长廊尽头形成悬念，低调影像与雾气弥漫的浅景深烘托灵异氛围，她苍白的妆容与复古的蕾丝裙装在昏暗中若隐若现。,"A Victorian-era ghostly lady appears in the corridor of an ancient castle, positioned at the end of the long hallway to create suspense. The low-key imagery and misty, shallow depth of field enhance the eerie atmosphere, with her pale makeup and vintage lace dress barely visible in the dim light."
165,光照 + 色彩 + 景深 + 表情 + 整体,一个关于夏日回忆的短片高潮片段，整体色调清新温暖，逆光勾勒出少年少女的轮廓，浅景深聚焦于他们相视而笑的灿烂表情，背景虚化成光斑，整体情感真挚动人，充满青春美感。,"A high point from a short film about summer memories, with an overall fresh and warm color tone. Backlit, the outlines of the young boy and girl are highlighted. A shallow depth of field focuses on their radiant smiles as they look at each other, with the background blurred into light spots. The overall emotion is sincere and touching, filled with the beauty of youth."
166,整体 + 景别 + 影调 + 色彩 + 服装,一部史诗电影的战斗场面，整体气势恢宏，景别在千军万马的广角与主角持剑冲锋的中景间快速切换，灰冷压抑的影调与战场上零星的旗帜色彩及主角破损的铠甲共同营造悲壮感。,"The battle scenes in an epic film are grand and majestic overall, with the camera rapidly switching between wide shots of thousands of troops and mid-shots of the protagonist charging forward with a sword. The bleak and oppressive tone, combined with the sporadic colors of the flags on the battlefield and the damaged armor of the main character, creates a sense of tragic grandeur."
167,构图 + 光照 + 影调 + 景深 + 表情,幽暗的审讯室内，一束顶光从上方打下，在嫌疑人脸上形成强烈的明暗对比，构图极具压迫感，极浅的景深使其额角汗珠和挣扎的表情成为绝对焦点，悬念感十足。,"In the dim interrogation room, a single beam of light from above casts strong contrasts of light and shadow on the suspect's face, creating a highly oppressive composition. The extremely shallow depth of field makes the sweat droplets on his forehead and his expression of struggle the absolute focal point, full of suspense."
168,景别 + 色彩 + 景深 + 表情 + 化妆,戏剧舞台上，从全景快速推至主角面部特写，其夸张的小丑妆容色彩对比强烈，泪水晕开了部分油彩，浅景深虚化背景突出其由笑转悲的复杂表情，极具戏剧张力与感染力。,"On the stage of the drama, the camera quickly zooms from a wide shot to a close-up of the main character's face. His clown makeup, with its vivid and contrasting colors, is smudged where tears have fallen, and the shallow depth of field blurs the background, highlighting the complexity of his expression as it shifts from laughter to sorrow. This scene is filled with dramatic tension and emotional impact."
169,整体 + 构图 + 色彩 + 服装 + 化妆,一场沉浸式戏曲表演记录，整体上完美展现了传统艺术的韵味，构图严谨遵循舞台美学，服装刺绣精美、妆容色彩浓重且符合行当特点，三者结合构成华丽的视觉整体。,"A record of an immersive opera performance that perfectly captures the charm of traditional art. The composition strictly adheres to the aesthetics of stage design, with exquisite embroidery on the costumes and vibrant makeup colors that match the characteristics of the roles. The combination of these elements creates a stunning visual spectacle."
170,光照 + 影调 + 色彩 + 服装 + 整体,一个具有黑色电影风格的侦探短片，整体风格化极致，昏暗街灯下形成的高反差黑白影调，一位穿着风衣、头戴礼帽的侦探身影被拉长，色彩虽缺失但通过影调与服装塑造了经典角色。,"A detective short film with a noir style, highly stylized overall, featuring high-contrast black and white tones formed under dim street lamps. The figure of a detective in a trench coat and fedora hat is elongated, and although colors are absent, the character is defined classically through the lighting and attire."
171,构图 + 景别 + 光照 + 色彩 + 景深,清晨的森林，阳光透过树叶缝隙形成丁达尔效应，构图利用树干形成自然框架，景别从弥漫着水汽的林间全景切换到蛛网上露珠的特写，色彩清新，景深层次丰富，如仙境般宁静美好。,"In the early morning forest, sunlight streaming through gaps in the leaves creates a Tyndall effect. The composition uses tree trunks to form a natural frame. The scene shifts from a panoramic view of the misty woods to a close-up of dewdrops on a spider web, with fresh colors and rich depth of field, creating a serene and beautiful paradise-like atmosphere."
172,整体 + 光照 + 影调 + 表情 + 服装,一个历史题材影片的关键独白镜头，整体表演深刻感人，烛光是唯一光源，在人物脸上跳动营造出温暖的影调，演员投入的表情与厚重的时代服装共同将观众带入剧情，情感共鸣强烈。,"A key monologue scene in a historical film is profoundly moving as a flickering candlelight serves as the only source of illumination, casting warm shadows on the actors' faces. The actors' immersive expressions, paired with their heavy period costumes, transport the audience into the narrative, evoking strong emotional resonance."
173,构图 + 影调 + 色彩 + 景深 + 服装,雨夜的小巷，构图将霓虹灯牌置于画面一角形成色彩点缀，低调影像下，一位身着透明雨衣的行人打伞走过，浅景深将背景虚化成斑斓色块，服装质感与环境色彩交融，氛围感强。,"On a rainy alleyway at night, the neon signs are placed in one corner of the frame, adding a splash of color. In this low-key image, a figure in a transparent raincoat walks by with an umbrella. The shallow depth of field blurs the background into vibrant blocks of color, blending the texture of the clothing with the environmental hues, creating a strong atmosphere."
174,景别 + 光照 + 表情 + 服装 + 化妆,科幻片中角色的变身过程，景别紧贴面部特写，皮肤下透出异光，角色痛苦挣扎的表情、逐渐覆盖身体的机械装甲与浮现的发光纹路同步变化，生动展现转变的震撼。,"The transformation process of a character in a science fiction film is closely framed in a close-up of their face, with an otherworldly glow emanating from beneath the skin. The character's expression of agony and struggle is vividly captured as mechanical armor gradually covers their body in sync with glowing patterns that emerge, showcasing the awe-inspiring nature of the transformation."
175,整体 + 构图 + 景别 + 影调 + 景深,一段关于废弃教堂的探索视频，整体氛围神秘肃穆，构图突出建筑的对称与破败，景别从外部全景深入到内部残破神像的浅景深特写，统一的低沉影调与景深变化增强了空间的空旷与历史感。,"A video exploration of an abandoned church with an overall atmosphere of mystery and solemnity. The composition highlights the symmetry and decay of the architecture, with shots ranging from wide exterior scenes to shallow depth-of-field close-ups of deteriorated statues inside. The consistent dim lighting and changes in depth of field enhance the sense of spaciousness and historical depth."
176,色彩 + 景深 + 表情 + 服装 + 化妆,狂欢节高潮，色彩爆炸般绚烂，浅景深聚焦于一位舞者狂喜的表情特写，其华丽的羽毛头饰和亮片服装在动态中闪耀，四者结合迸发出极致的欢乐与视觉狂欢。,"At the peak of the carnival, colors burst into a dazzling display. With a shallow depth of field, the camera focuses on a close-up of a dancer's ecstatic expression, their magnificent feather headdress and sparkly costume shining as they move, combining to erupt in an ultimate explosion of joy and visual splendor."
177,整体 + 构图 + 光照 + 色彩 + 表情,一个人物肖像摄影视频，整体质感如古典油画，构图稳定均衡，柔和的窗光均匀照亮模特，背景色彩深沉以突出人物，模特宁静而带有故事性的表情是画面灵魂。,"A character portrait video with an overall texture resembling classical oil paintings, featuring a stable and balanced composition. Soft window light evenly illuminates the model, while a deep background color highlights the figure. The model's serene yet narrative expression is the soul of the image."
178,景别 + 光照 + 影调 + 景深 + 服装,从地牢阴暗潮湿的全景，推近到囚犯被铁链锁住的手部特写，一束高窗的光线恰好照亮其破损的囚服和伤痕，景别与光线的运用强调了困境与希望。,"From the dark and damp panorama of the dungeon, to the close-up of the prisoner's hand locked in chains, a beam of light from a high window illuminates his broken prison uniform and wounds, emphasizing both the dilemma and hope through the use of scenery and light."
179,构图 + 色彩 + 景深 + 表情 + 化妆,纯色背景前，构图聚焦于模特的面部，其创意彩妆使用了大胆的互补色，通过焦点切换引导视线，模特的眼神与妆容风格紧密配合，形成强烈的时尚艺术表达。,"Against a solid color background, the composition focuses on the model's face, where creative makeup in bold complementary colors draws the viewer's gaze. The model's eyes harmonize with the makeup style, creating a strong expression of fashion art."
180,整体 + 光照 + 影调 + 色彩 + 化妆,一个概念美妆艺术视频，整体构思前卫，利用彩色凝胶灯制造强烈的单色光效，模特妆容设计与之呼应，在脸上形成光绘般的效果，视觉风格极其统一和突出。,"A conceptual beauty art video with avant-garde overall conception uses colored gel lights to create intense monochromatic lighting effects. The makeup design for the model complements this, creating light-painting-like effects on her face, resulting in a visually cohesive and striking style."
181,构图 + 景别 + 影调 + 表情 + 服装,西部片中的决斗时刻，构图将两位枪手置于画面两侧形成对峙，广角景别凸显环境的荒凉，他们紧绷的表情与标志性的牛仔服装在低照度下充满张力。,"In Western films, the moment of confrontation features the two gunmen positioned at opposite sides of the frame, with a wide-angle shot emphasizing the desolate environment. Their tense expressions and iconic cowboy attire add tension in the dim lighting."
182,整体 + 景别 + 光照 + 景深 + 化妆,一个专业美妆教程的特写部分，整体画质清晰细腻，景别始终聚焦面部，在均匀无影灯照射下，通过微距浅景深展示眼影的色彩过渡和粉质，技术性展示到位。,"The close-up section of a professional makeup tutorial has clear and delicate video quality, with the focus always on the face. Under uniform lighting, it uses macro shots with shallow depth of field to showcase the color transitions and texture of eyeshadow, providing a technically detailed demonstration."
183,光照 + 影调 + 色彩 + 表情 + 整体,一个爱情电影的表白场景，整体氛围浪漫唯美，金色的逆光为场景镀上暖色调，男女主角在柔和的影调中流露出的真挚表情，情感表达达到高潮。,"A romantic and beautiful scene from a love movie features a golden backlight that casts a warm glow over the setting. The male and female leads express their genuine emotions in soft lighting, bringing the scene's emotional intensity to a climax."
184,构图 + 光照 + 景深 + 服装 + 化妆,对称构图下，一位未来女战士的正面半身像，冷色调光源清晰勾勒其装甲制服的线条与面部生化纹身，浅景深使主体突出，科技感与力量感十足。,"A frontal half-portrait of a female warrior from the future is symmetrically composed. Cold-toned lighting clearly outlines the contours of her armored uniform and facial bio-tattoos. The shallow depth of field highlights the subject, exuding a strong sense of both technology and power."
185,整体 + 构图 + 景别 + 色彩 + 服装,一个展现民族节日的纪录片片段，整体色彩饱和、充满活力，构图巧妙捕捉盛装的人群流动，景别在欢庆的全景与个体服装细节的特写间切换，文化气息浓厚。,"A documentary clip showcasing a national festival, with rich and vibrant colors, skillfully captures the flow of elaborately dressed crowds through clever composition. The shot alternates between panoramic views of the celebrations and close-ups of individual costume details, exuding a strong cultural atmosphere."
186,影调 + 色彩 + 景深 + 表情 + 服装,采用棕褐色调模仿老照片效果，浅景深聚焦于一位穿着民国学生装的少女在车站回眸的瞬间，其清澈的眼神和略带哀愁的表情充满了时代故事感。,"Using sepia tones to mimic the effect of old photographs, with a shallow depth of field focusing on a moment when a young woman in Republican-era school attire glances back at the camera at a station. Her clear eyes and slightly melancholic expression are filled with a sense of the era's narrative."
187,构图 + 景别 + 光照 + 表情 + 整体,一个音乐视频的副歌部分，整体节奏与情感饱满，构图动态富有创意，景别随音乐节奏在歌手全身表演与充满感染力的面部表情特写间切换，舞台灯光强化了表演张力。,"The chorus of a music video has a full rhythm and emotional intensity. The composition is dynamic and creatively shot, with shots alternating between the singer's full-body performance and close-ups of their expressive face, following the beat of the music. The stage lighting enhances the performance's dynamism."
188,光照 + 色彩 + 景深 + 服装 + 整体,一幅“画中画”效果的视频，整体构思巧妙，仿佛透过一个旧相框观看，内部是阳光明媚、色彩柔和的田园风光，一位身着复古裙装的少女在奔跑，光线温暖。,"A video with a ""picture-in-picture"" effect, cleverly conceived, as if viewed through an old photo frame. Inside, there's a sunny and gentle pastoral scene where a young girl in a vintage dress is running, bathed in warm light."
189,构图 + 影调 + 色彩 + 表情 + 化妆,背景是抽象色块壁画，构图将画中人物与真实模特的脸并置，模特的表情与妆容模仿画作风格，整体影调统一，形成超现实的视觉对话。,"Set against a backdrop of abstract color block murals, the composition juxtaposes figures within the painting with the face of a live model. The model's expression and makeup imitate the style of the painting, creating a unified tone overall and forming a surreal visual dialogue."
190,整体 + 景别 + 影调 + 景深 + 表情,一个心理惊悚片的片段，整体氛围压抑紧张，景别多为令人不安的特写，低调影像与时而模糊时而清晰的景深变化，共同烘托出主角惊恐、疑虑的表情，心理压迫感强。,"A segment from a psychological thriller with an overall oppressive and tense atmosphere, featuring many unsettling close-ups. The low-key lighting and the depth of field that alternates between blurry and clear enhance the protagonist's frightened and suspicious expression, creating a strong sense of psychological pressure."
191,构图 + 光照 + 色彩 + 景深 + 服装,熙攘的亚洲夜市，构图利用灯笼和摊位形成丰富的层次，暖色调光线照亮各种小吃和商品，浅景深聚焦于一位穿着传统服饰的游客好奇的表情，烟火气十足。,"The bustling Asian night market, with its composition utilizing lanterns and stalls to create rich layers, is illuminated by warm-toned lighting that highlights various snacks and goods. A shallow depth of field focuses on the curious expression of a visitor wearing traditional attire, exuding a lively atmosphere."
192,整体 + 光照 + 影调 + 服装 + 化妆,一场古典话剧的舞台表演，整体上展现了深厚的舞台功力，追光灯牢牢跟随着主角，其精致的古装与舞台妆在灯光下非常醒目，周围环境隐于黑暗以突出表演。,"The stage performance of a classical drama showcased a profound mastery of the craft, with spotlights tightly following the lead actor. The intricate ancient costume and makeup stood out vividly under the lights, while the surrounding environment was shrouded in darkness to highlight the performance."
193,景别 + 光照 + 色彩 + 景深 + 表情,从洒满夕阳的教室窗户全景，拉回到一个学生伏案写作的侧脸特写，柔和的侧光勾勒其轮廓，浅景深虚化背景突出其专注的表情，充满青春文艺气息。,"From a panoramic view of the classroom window bathed in sunset light, the scene zooms in to a close-up of a student's profile as they write at their desk. Soft sidelight outlines their features, and a shallow depth of field blurs the background, highlighting their focused expression, exuding a youthful and artistic atmosphere."
194,构图 + 影调 + 景深 + 表情 + 服装,利用图书馆书架形成的纵深构图，影调深沉安静，浅景深引导视线至一位身着针织衫的读者，她读到有趣处时露出的会心微笑，画面宁静而温暖。,"Using the depth created by the library bookshelves, the tone is dark and tranquil, with a shallow depth of field guiding the viewer's gaze to a reader wearing a knitted sweater. Her contented smile as she reads something amusing adds warmth to the otherwise serene scene."
195,整体 + 构图 + 色彩 + 景深 + 化妆,一个艺术彩妆创作过程的延时视频，整体像一幅流动的画，构图中心是模特的脸，色彩大胆混合变幻，通过景深控制全程清晰展示妆容的每一步，创意十足。,"A time-lapse video of an artistic makeup creation process, where the entire scene flows like a moving painting. The composition centers on the model's face, with bold colors blending and transforming dynamically. Throughout the video, depth of field control ensures that every step of the makeup application is clearly visible, showcasing a highly creative approach."
196,光照 + 影调 + 色彩 + 景深 + 整体,水族馆中的梦幻场景，整体视觉效果空灵，光线透过水体形成蓝色调，影调柔和，利用景深虚实交替展现游动的鱼群和水母，色彩斑斓和谐。,"The aquarium features an ethereal scene with an overall visual effect that is otherworldly. The light filtering through the water creates a blue hue, and the tones are soft. Using depth of field, the scene alternates between sharpness and blur to showcase schools of fish and jellyfish, creating a harmonious and colorful display."
197,构图 + 景别 + 光照 + 服装 + 化妆,摄影棚肖像，构图采用经典的三角构图，景别为腰部以上中景，柔光完美展现模特身上丝绸礼服的光泽与其妆容的细腻质感，画面优雅高级。,"A studio portrait with a classic triangular composition, featuring a medium shot from the waist up, showcases the silk gown's luster and the fineness of the model's makeup under soft lighting, creating an elegant and sophisticated image."
198,整体 + 景别 + 色彩 + 表情 + 服装,一个儿童动画电影的真实版预告，整体充满童趣和活力，景别活泼，色彩明亮鲜艳，小演员们穿着卡通风格服装，脸上洋溢着惊奇和快乐的表情，天真烂漫。,"A real-life trailer for a children's animated movie, brimming with childlike charm and vitality, features lively camera angles and bright, vivid colors. The young actors are dressed in cartoon-style costumes and their faces are filled with expressions of wonder and joy, embodying innocence and playfulness."
199,构图 + 光照 + 影调 + 色彩 + 景深,深秋的湖边，构图利用倒影形成对称，晨雾弥漫，阳光穿透雾气形成柔和的光线，树叶的金黄色与湖水的冷色形成对比，景深使远近树木层次分明，意境悠远。,"By the lakeside in late autumn, the composition uses reflections to create symmetry. Morning mist shrouds the area, and sunlight piercing through the fog forms soft beams. The golden yellow of the leaves contrasts with the cool tones of the lake water, while depth of field makes the layers of distant and near trees distinct, creating a distant and serene ambiance."
200,整体 + 构图 + 景别 + 光照 + 表情,一个获奖纪录片的人物访谈核心镜头，整体真实感人，构图稳定，景别多为人物正面特写，柔和的面光使得受访者每一个细微的表情都极具说服力和感染力，直击人心。,"The core interview footage from an award-winning documentary is heartwarming and genuinely touching. The composition is stable, with most shots being close-ups of the subject's face. Soft frontal lighting enhances every subtle expression of the interviewee, making them incredibly convincing and emotionally compelling, striking straight to the heart."
