编号,构图,光源数量,光源位置,光的质量,光的色彩,景别类型,景深范围,饱和度,亮度,色温,对比度,Prompt,en_prompt
T001,对称构图,,顺光,,白光,全景,深景深,,,,,清晨的寺庙在薄雾中对称矗立，阳光从正前方柔和照亮建筑，形成清晰的白光照明，整体画面为全景视角，具有深景深，展现从前景石狮到后殿的完整层次。,"The morning temple stands symmetrically amid the mist, with soft sunlight gently illuminating the buildings from the front, casting clear beams of white light. The entire scene is captured in a wide-angle shot with deep depth of field, showcasing the complete layers from the stone lions at the forefront to the rear hall."
T002,三分法构图,多光源,,,暖光,,,,中,,高,黄昏的城市天际线延展在远方，采用三分法构图将天空与城市分界，多光源来自万家灯火与晚霞，呈现暖色调光线，整体亮度中等，色彩对比度高。,"The skyline of the city stretches into the distance at dusk. Using the rule of thirds, the sky and the city are distinctly separated. Multiple light sources from myriad household lights and twilight create warm-toned illumination. The overall brightness is moderate, with high color contrast."
T003,引导线构图,,顶光,软光,,中景,,低,,,,森林小径以引导线构图延伸至远方，顶光穿透树叶洒下斑驳光影，光线为软光，画面饱和度低，呈现中景视角，突出路径的纵深感。,"The forest path extends into the distance in a leading line composition, with soft dappled light filtering through the leaves from above. The scene has low saturation and is captured from a mid-range perspective, emphasizing the depth of the path."
T004,中心构图,,逆光,硬光,,,,,暗,冷,中,沙漠中的旅人背对夕阳，形成逆光轮廓，使用中心构图突出剪影主体，光线为硬光，色温偏冷，整体画面亮度暗，对比度中等。,"A traveler in the desert stands with his back to the setting sun, creating a silhouette against the light. Using central composition highlights the main subject. The lighting is hard, with a cool color temperature, and the overall scene is dark with medium contrast."
T005,非对称构图,多光源,,,彩色光,近景,浅景深,高,,,,雨夜街道采用非对称构图，霓虹灯作为多光源从两侧打来，形成彩色光效果，画面为近景，浅景深聚焦行人面部，饱和度高。,"The rainy night street uses an asymmetrical composition, with neon lights from multiple sources shining in from both sides to create a colorful lighting effect. The scene is close-up, with a shallow depth of field focusing on the pedestrians' faces and high color saturation."
T006,框架构图,单光源,,硬光,,特写,,,,中,高,舞台中央的舞者被聚光灯照亮，形成单光源硬光效果，采用框架构图（以幕布边缘为框），特写镜头聚焦面部，色温中性，对比度高。,"The dancer at the center of the stage is illuminated by a spotlight, creating a hard single-source lighting effect. The scene is framed by the edge of the curtain, with a close-up focusing on the face. The color temperature is neutral, and the contrast is high."
T007,三分法构图,,顺光,,白光,远景,深景深,低,亮,,,雪原上的木屋在远景中呈现，使用三分法构图将地平线置于下三分之一，顺光照明带来柔和白光，深景深展现广阔空间，亮度亮，饱和度低。,"The wooden cabin on the snowfield is visible in the distance. Using the rule of thirds, the horizon is placed at the lower third of the frame. The front lighting provides soft white light, and the deep depth of field showcases the vast space. The image is bright with low saturation."
T008,对称构图,,顶光,硬光,,全景,,,中,冷,中,实验室中，顶光直射工作台，形成硬光阴影，画面为全景，采用对称构图布置仪器，色温冷，对比度中等，整体亮度中。,"In the lab, direct top lighting on the workbench creates hard shadows. The scene is a wide shot with instruments arranged in a symmetrical composition. The color temperature is cool, with medium contrast and overall moderate brightness."
T009,引导线构图,多光源,侧光,,,,浅景深,,,中,,城市地铁站内，多光源来自顶灯与广告牌，侧光勾勒出候车人的轮廓，使用引导线构图（轨道延伸），景深浅，聚焦人物，色温中性。,"In the city subway station, multiple light sources come from the ceiling lights and advertisements. The side lighting outlines the contours of the passengers waiting. Using leading lines composition (the tracks extending), with a shallow depth of field focusing on the figures, and neutral color temperature."
T010,中心构图,单光源,,,暖光,近景,,,,,低,烛光晚餐场景，单光源（蜡烛）提供暖光照明，采用中心构图突出情侣，近景拍摄，饱和度中等，对比度低，营造温馨氛围。,A candlelit dinner scene with a single light source (candle) providing warm illumination. The composition centers on the couple in a close-up shot with medium saturation and low contrast to create a cozy atmosphere.
T011,框架构图,,逆光,软光,,全景,深景深,,,暖,,古建筑庭院采用框架构图（门廊为框），逆光勾勒屋檐轮廓，软光漫射使阴影柔和，全景视角，深景深，色温偏暖。,"The ancient architectural courtyard uses a framed composition (with the portico as the frame), backlighting to outline the eaves, soft light to diffuse and soften the shadows, a wide-angle view, deep depth of field, and a warm color temperature."
T012,非对称构图,,底光,硬光,,特写,,,,,高,舞台剧演员站在中央，底光从下方打出诡异阴影，使用非对称构图制造张力，特写镜头，硬光增强戏剧感，对比度高。,"The stage actor stands at the center, with harsh footlights casting eerie shadows from below. An asymmetrical composition builds tension, while a close-up shot and high-contrast lighting enhance the dramatic effect."
T013,三分法构图,多光源,,,彩色光,远景,,高,暗,,,极光在夜空中舞动，远景展现天地全貌，三分法构图划分天空与雪地，多光源（极光+月光）形成冷色调彩色光，亮度暗，饱和度高。,"The aurora dances in the night sky, with a distant view revealing the full expanse of heaven and earth. The rule of thirds composition divides the sky from the snow-covered ground. Multiple light sources (aurora and moonlight) create a cold-toned colorful glow with low brightness but high saturation."
T014,对称构图,,顺光,,白光,中景,深景深,,,,中,极光在夜空中舞动，远景展现天地全貌，三分法构图划分天空与雪地，多光源（极光+月光）形成冷色调彩色光，亮度暗，饱和度高。,"The aurora dances in the night sky, with a distant view revealing the full expanse of heaven and earth. The rule of thirds composition divides the sky from the snow-covered ground. Multiple light sources (aurora and moonlight) create a cold-toned colorful glow with low brightness but high saturation."
T015,框架构图,单光源,侧光,硬光,,远景,,,,冷,,潜水员在深海中游动，侧光来自手电筒，单光源形成硬光束，框架构图（以潜水艇窗口为框），远景拍摄，色温冷。,"A diver swims in the deep sea with side lighting from a flashlight, creating a hard beam of light from a single source. The scene is framed through a submarine window and shot at a distance, with a cool color temperature."
T016,引导线构图,,顶光,软光,,全景,,高,亮,,,儿童在草地上奔跑，采用引导线构图（小路延伸），顶光来自正午太阳，软光扩散，全景视角，亮度亮，饱和度高。,"Children are running on the grass, with leading lines composition (the path extends), and overhead lighting from the midday sun, soft light diffused. The scene is captured in a wide-angle shot, with high brightness and saturation."
T017,中心构图,单光源,,,暖光,近景,浅景深,,,暖,,老式台灯照亮书桌，单光源形成暖光，中心构图突出书本，近景拍摄，浅景深虚化背景，色温暖。,"An old-fashioned desk lamp illuminates the desk, casting a warm glow from its single light source. The composition centers on a book, with a close-up shot and a shallow depth of field that blurs the background, enhancing the warm atmosphere."
T018,非对称构图,多光源,,,白光,中景,,,,,中,城市立交桥夜景，多光源来自车灯与路灯，非对称构图表现交错结构，冷白光交织，中景视角，对比度中等。,"The night view of an urban overpass, with multiple light sources from car headlights and street lamps, features an asymmetrical composition highlighting the intersecting structures. The cool white light interweaves, presented from a mid-range perspective with moderate contrast."
T019,三分法构图,,顺光,,,远景,深景深,,亮,,,瀑布从高处倾泻，远景展现全貌，三分法构图安排瀑布位置，顺光照明使水花明亮，深景深，亮度亮。,"The waterfall cascades from a height, with the long shot revealing its full scope. The waterfall is positioned using the rule of thirds, and front lighting highlights the splashing water. With a deep depth of field, the scene is bright and vivid."
T020,非对称构图,,底光,硬光,,特写,,低,,,,模特在影棚拍摄，底光从下方打来制造阴影，硬光增强立体感，特写面部，非对称构图，饱和度低，突出质感。,"The model is being photographed in a studio with low-key lighting coming from below to create shadows. Harsh lighting is used to enhance the three-dimensional effect. The shot focuses closely on the face, using an asymmetrical composition, with low saturation to emphasize texture."
T021,中心构图,,逆光,,冷光,近景,,,,,高,日落时分，海滩上情侣剪影位于画面中央，逆光勾勒轮廓，中心构图，冷色调光晕，近景，对比度高。,"At sunset, the silhouettes of couples on the beach are centered in the frame, their outlines defined by backlighting. The central composition features a cool-toned halo and a high contrast foreground."
T022,对称构图,,顺光,软光,,全景,深景深,,,中,,森林晨雾中，小屋对称坐落于湖边，软光透过雾气形成柔和照明，全景视角，深景深，色温中性。,"In the morning mist of the forest, a cottage is symmetrically situated by the lakeside. Soft light filters through the fog, creating a gentle illumination. The scene offers a panoramic view with deep depth of field and neutral color temperature."
T023,引导线构图,多光源,,,彩色光,中景,,高,亮,,,派对现场，霓虹灯、闪光灯制造彩色光效果，采用引导线构图（走廊延伸），中景拍摄人群，亮度亮，饱和度高。,"At the party venue, neon lights and flashlights create colorful lighting effects. Using leading lines composition (such as a corridor extending into the distance), the mid-ground captures the crowd with high brightness and saturation."
T024,,,顶光,硬光,,特写,浅景深,,,冷,中,实验室显微镜下，顶光直射样本，硬光突出纹理，特写镜头，浅景深聚焦局部，对比度中等，色温冷。,"Under the microscope in the laboratory, direct top lighting illuminates the sample, with harsh light highlighting the texture. A close-up lens is used with a shallow depth of field to focus on a specific area. The contrast is moderate, and the color temperature is cool."
T025,框架构图,单光源,侧光,,,中景,,,中,,,城市天桥上，行人被侧光拉出长影，单光源（夕阳），框架构图（栏杆为框），中景，白光偏暖，亮度中。,"On the city overpass, pedestrians cast long shadows due to side lighting. With a single light source (the setting sun), the framework composition uses the railing as a frame. The scene is mid-shot, with white light tending warm and medium brightness."
T026,对称构图,多光源,,,暖光,全景,深景深,中,,,,婚礼现场，多光源（吊灯、烛光）营造暖光氛围，对称构图布置花坛，全景拍摄，深景深，饱和度中等。,"At the wedding venue, multiple light sources such as chandeliers and candlelight create a warm atmosphere. The flower arrangements are symmetrically composed, and a full-scene shot with deep depth of field and medium saturation is taken."
T027,三分法构图,,顺光,,白光,近景,,,,,低,雨后街道倒影清晰，采用三分法构图安排倒影与建筑，顺光照明带来白光，近景视角，对比度低，色温中性。,"The streets after the rain reflect clearly. Using the rule of thirds to compose the reflection and buildings, the front lighting provides bright white light. The perspective is close-up, with low contrast and neutral color temperature."
T028,中心构图,单光源,底光,硬光,冷光,特写,,低,,,,舞台魔术师站在中央，底光制造神秘感，单光源硬光，中心构图，特写，冷色调光，饱和度低。,"The stage magician stands at the center, with low-key lighting creating an aura of mystery. The single light source casts hard light, centered in the frame, in close-up, with cool tones and low saturation."
T029,引导线构图,,逆光,软光,,远景,,,,,中,沙漠日出，远景展现沙丘起伏，引导线构图（沙纹延伸），逆光勾勒轮廓，软光扩散，亮度暗转亮，对比度中等。,"Desert sunrise, with distant sand dunes undulating in the view, using leading lines composition (sand patterns extending), rim lighting due to backlighting, soft light diffusing, brightness transitioning from dark to light, and medium contrast."
T030,非对称构图,,侧光,,,近景,浅景深,,,暖,,咖啡馆角落，窗边侧光柔和洒入，非对称构图安排人物与空椅，近景拍摄，浅景深虚化背景，色温暖，饱和度中。,"In the corner of a café, soft sidelight from the window gently fills the scene. The composition is asymmetrical, with a person and an empty chair arranged in the foreground, slightly blurred background creating a shallow depth of field, warm colors, and medium saturation."
T031,对称构图,,顺光,软光,,全景,深景深,,,,,古寺清晨，对称构图展现殿宇与倒影，顺光均匀照亮屋檐，软光减少阴影，全景视角呈现完整建筑群，画面具有深景深，远处山峦清晰可见。,"In the early morning of an ancient temple, a symmetrical composition showcases the palace and its reflection. The front lighting evenly illuminates the eaves, soft light reduces shadows, and a wide-angle view presents the entire complex. The scene has a deep depth of field, with distant mountains clearly visible."
T032,非对称构图,多光源,,,冷光,中景,,,,,高,城市高架桥夜景采用非对称构图，车流灯光形成多光源动态轨迹，冷色调光线弥漫空中，中景拍摄桥体结构，整体对比度高，明暗分明。,"The night view of the city's elevated bridge uses an asymmetrical composition. The headlights of the vehicles create multiple dynamic light trails. Cool-toned lights fill the air. The mid-range shot focuses on the structure of the bridge, with a high overall contrast and distinct highlights and shadows."
T033,三分法构图,,逆光,,白光,远景,,中,,,,草原上的牧民骑马远行，使用三分法构图将地平线置于下三分之一，逆光勾勒人物剪影，白光混合晚霞，远景展现天地辽阔，饱和度中等。,"Herders on the grassland ride horses to travel far, using the rule of thirds to place the horizon at the lower third of the frame. Backlit by the sun, the figures are outlined as silhouettes. The white light blends with the evening glow, and the distant view showcases the vast expanse of heaven and earth. The saturation is medium."
T034,中心构图,,顶光,硬光,,近景,,,,冷,,实验室研究员面对镜头居中站立，中心构图突出主体，顶光直射造成轻微阴影，硬光增强面部轮廓，近景拍摄，色温偏冷，体现科技感。,"The lab researcher stands centrally in front of the camera, with the central composition highlighting the subject. Direct top lighting creates slight shadows, and the hard light accentuates the facial contours. The close-up shot, with a cooler color temperature, conveys a sense of technological sophistication."
T035,框架构图,单光源,侧光,,,特写,浅景深,,中,,,隧道入口形成天然框架构图，侧光从侧面照射行人，单光源来自斜射阳光，特写其表情，浅景深虚化背景，亮度中等，氛围紧张。,"The tunnel entrance forms a natural frame, with side light illuminating passersby from the side. The single light source is slanted sunlight. A close-up of their expressions is captured, with a shallow depth of field blurring the background. The brightness is moderate, creating a tense atmosphere."
T036,引导线构图,,底光,,彩色光,全景,深景深,,,,中,铁轨延伸至远方构成强烈引导线构图，底光来自地下检修灯，发出彩色光芒，全景展示轨道全貌，深景深贯穿前后，对比度中等。,"The railway tracks extend into the distance, forming strong leading lines. The fill light comes from underground maintenance lamps, casting colorful glows. The wide shot showcases the full appearance of the tracks, with deep depth of field from front to back and medium contrast."
T037,对称构图,多光源,,,暖光,中景,,低,,,,雪地营地帐篷呈左右对称布局，多光源来自篝火与头灯，暖光交织跳跃，中景拍摄团队活动，饱和度低，还原冬日清冷质感。,"The snow camp tent is symmetrically laid out from left to right, with multiple light sources coming from the campfire and headlamps, casting warm, dancing lights. The mid-ground captures the activities of the filming team with low saturation, evoking the cold atmosphere of winter."
T038,中心构图,单光源,逆光,硬光,,特写,,,亮,,,舞者在聚光灯下单脚旋转，单光源形成强烈硬光投影，逆光凸显轮廓动态，使用中心构图聚焦身体，特写捕捉足尖细节，亮度亮。,"The dancer spins on one foot under the spotlight, with the single light source creating a strong, hard shadow that highlights the outline of their dynamic movements. The central composition focuses on the body, and a close-up captures the details of the toe, with the brightness being very high."
T039,引导线构图,,顺光,软光,,远景,,,,中,,老城区巷道以引导线构图引导视线深入，顺光洒满石板路，软光使纹理柔和，远景展现代建筑纵深，色温中性，真实还原日间光照。,"The alleys in the old town use leading lines to guide the gaze deeper inward, with sunlight filling the cobblestone paths. Soft lighting makes the textures gentle, while modern buildings in the distance showcase depth. The color temperature is neutral, faithfully reproducing daylight conditions."
T040,非对称构图,多光源,,,彩色光,近景,,,,,低,节日庙会灯笼高挂，形成多光源照明系统，彩色光交叠闪烁，非对称构图安排摊位分布，近景拍摄孩童笑脸，对比度低，营造梦幻氛围。,"Festival temple fair lanterns are hung high, forming a multi-source lighting system. Colorful lights flicker and overlap, with an asymmetric layout arranging the stalls. A close-up shot of a child's smiling face is taken, with low contrast to create a dreamlike atmosphere."
T041,框架构图,,顶光,,白光,全景,深景深,,,,,山顶观星台采用框架构图（以圆顶开口为框），顶光来自内部设备指示灯，白光微弱，全景展现天文台全貌，深景深涵盖内外空间。,"The star observation deck at the mountain top uses a framed composition (with the dome opening as the frame). The top light comes from internal equipment indicator lights, emitting a faint white glow. The panoramic view showcases the full appearance of the observatory, while the deep depth of field encompasses both the interior and exterior spaces."
T042,中心构图,单光源,底光,硬光,,特写,,高,,,,潜水员探照灯照亮沉船内部，单光源产生硬光束，底光向上照射珊瑚，中心构图突出遗迹主体，特写残破雕像，饱和度高，色彩鲜艳。,"The diver's spotlight illuminates the interior of the sunken ship, producing a hard beam of light from a single source. The bottom light shines upward on the coral, with the central composition highlighting the main structure of the ruins. A close-up of the broken statue shows rich saturation and vivid colors."
T043,三分法构图,,侧光,,暖光,中景,,,中,,,沙漠驼队沿沙丘前行，三分法构图安排队伍于右三分之一线，侧光拉长影子，暖光渲染黄昏气氛，中景拍摄群体动态，亮度中等。,"A desert caravan moves across the sand dunes. The rule of thirds is applied, placing the group along the right third line. Side lighting elongates the shadows, and warm light enhances the atmosphere of twilight. The middle distance captures the dynamics of the group, with medium brightness."
T044,,,顶光,软光,,远景,深景深,,,中,,雨林树冠层被正午阳光穿透，顶光形成斑驳光影，软光散射在叶片间，远景俯拍整片森林，深景深保持前后清晰，色温中性。,"Noon sunlight penetrates the canopy of the rainforest, creating dappled shadows. Soft light scatters among the leaves, and a distant aerial shot captures the entire forest with deep focus, keeping both foreground and background clear. The color temperature is neutral."
T045,非对称构图,单光源,逆光,硬光,,近景,,,,,高,舞台追光灯锁定主角，单光源提供硬光照明，逆光勾勒发丝光泽，非对称构图留出戏剧性空白，近景表现情绪变化，对比度高。,"The spotlight locks onto the main character, with a single light source providing hard lighting. Backlighting highlights the shine of the hair, and an asymmetrical composition leaves dramatic blank spaces. Close-ups capture emotional changes, with high contrast."
T046,对称构图,,顺光,,白光,全景,,中,,,,玻璃幕墙大楼在夕阳下反射金光，对称构图强调建筑秩序，顺光使表面明亮无阴影，白光与暖光混合，全景拍摄城市天际线，饱和度中。,"The glass curtain wall building reflects golden light under the setting sun. The symmetrical composition emphasizes architectural order, and the front lighting makes the surface bright with no shadows. A mix of white and warm light is captured in a panoramic shot of the city skyline with medium saturation."
T047,框架构图,多光源,,,冷光,中景,浅景深,,,冷,,地铁车厢内广告灯箱形成多光源环境，冷光为主调，框架构图以车窗为边界，中景拍摄乘客互动，浅景深模糊移动背景，色温冷。,"The subway car interior features multiple light sources from advertising light boxes, with cool lighting as the main tone. The framing is bounded by the windows, with mid-range shots capturing passenger interactions. A shallow depth of field blurs the moving background, and the color temperature is cool."
T048,中心构图,,侧光,软光,,近景,,,亮,,,婚礼仪式中新人站在花门中央，中心构图强化情感焦点，侧光柔和照亮脸庞，软光避免过强阴影，近景拍摄牵手瞬间，亮度亮。,"During the wedding ceremony, the bride and groom stand at the center of the flower arch, with the central composition emphasizing the emotional focal point. Soft side lighting gently illuminates their faces, and soft light avoids harsh shadows. A close-up captures the moment they hold hands, with good brightness."
T049,引导线构图,多光源,,,彩色光,远景,,,,,中,高速公路夜间航拍，引导线构图沿车道延伸，多光源来自连续车灯流，彩色光交织成光轨，远景展现交通脉络，对比度中等。,"Nighttime aerial footage of a highway, with leading lines extending along the lanes, and multiple light sources from a continuous stream of car headlights interweaving into light trails. The distant view showcases the traffic network with moderate contrast."
T050,三分法构图,,逆光,硬光,,特写,,低,,,,摄影棚内模特背对强光源站立，逆光制造剪影效果，三分法构图安排身形比例，硬光增强边缘锐度，特写头部轮廓，饱和度低。,"The model stands with her back to the strong light source inside the studio, creating a silhouette effect against the backlight. The composition follows the rule of thirds for body proportion, and the hard light accentuates the sharpness of the edges. A close-up focuses on the outline of her head, with low color saturation."
T051,框架构图,,底光,,暖光,全景,深景深,,,暖,,剧院包厢以木质窗框形成框架构图，底光来自舞台反照，暖色调漫射室内，全景拍摄观众席，深景深记录层次，色温偏暖。,"The theater box is framed by wooden window frames, with uplighting from the reflections off the stage casting a warm, diffused glow throughout the space. A wide shot of the audience captures the deep depth of field, recording layers of detail, with a warmer color temperature."
T052,非对称构图,,顺光,,白光,中景,,,,,高,街头涂鸦墙色彩浓烈，非对称构图安排图案错落，顺光充分照亮墙面细节，白光还原真实颜色，中景拍摄创作过程，对比度高。,"The vibrant graffiti wall features a colorful, asymmetrical composition with intricate patterns. The strong light source illuminates the details of the wall, while white light accurately reproduces the true colors. The middle shot captures the creative process, showcasing high contrast."
T053,中心构图,单光源,,,暖光,近景,浅景深,,,,,星空下的露营帐篷居于画面正中，中心构图强化安定感，单光源来自帐篷内灯，发出暖光，近景拍摄，浅景深虚化星空背景。,"The camping tent under the starry sky is centered in the frame, emphasizing stability with this central composition. The single light source comes from a lamp inside the tent, casting warm light. Shot up close, the shallow depth of field blurs the starry background."
T054,三分法构图,多光源,,,彩色光,远景,,,中,,,清晨菜市场人声鼎沸，多光源来自顶灯与摊位灯串，彩色光点缀水果摊，三分法构图安排人流走向，远景展现市井活力，亮度中。,"The morning market is bustling with noise, and the lighting comes from overhead lamps and strings of lights at stalls, with colorful lights highlighting the fruit stands. The flow of people is arranged according to the rule of thirds, and the long shot displays the vitality of the local scene with medium brightness."
T055,对称构图,,顶光,硬光,,全景,,高,,,,瀑布从悬崖倾泻而下，对称构图展现水流对称形态，顶光直射水面激起反光，硬光突出水珠飞溅，全景拍摄，饱和度高。,"The waterfall cascades down the cliff, with a symmetrical composition showcasing the symmetry of the water flow. Direct sunlight hitting the water surface creates reflections, and the harsh light highlights the splashing water droplets. The panoramic shot has high saturation."
T056,中心构图,单光源,侧光,硬光,,特写,,,,,高,拳击手在擂台上被聚光灯锁定，单光源形成强烈硬光，侧光雕刻肌肉线条，中心构图突出对抗姿态，特写挥拳瞬间，对比度高。,"The boxer is locked in the spotlight on the ring, with a single light source creating intense hard light that carves out his muscle definition from the side. The central composition highlights his confrontational pose, and a close-up captures the moment of punching with high contrast."
T057,引导线构图,,顺光,软光,,,深景深,,,中,,图书馆长廊以书架为引导线构图延伸至尽头，顺光透过天窗洒下，软光覆盖阅读区，深景深保持书架清晰，色温中性，氛围宁静。,"The library corridor extends to the end, guided by bookshelves, with soft light from skylights bathing the reading area. The deep depth of field keeps the bookshelves clear, and the neutral color temperature creates a tranquil atmosphere."
T058,非对称构图,,底光,,彩色光,近景,,,暗,,,万圣节鬼屋入口采用非对称构图制造不安感，底光从下方照射骷髅装饰，彩色光闪烁诡异，近景拍摄访客反应，亮度暗，增强恐怖氛围。,"The entrance to the Halloween haunted house uses an asymmetrical composition to create an unsettling atmosphere. Low lights shine up at skull decorations, while flickering colored lights add to the eerie effect. Close-up shots capture visitors' reactions in the dimly lit setting, enhancing the scary ambiance."
T059,框架构图,多光源,,,冷光,中景,,低,,,,极地科考站夜晚工作，多光源包括探照灯与舱内灯，冷光主导环境，框架构图以门廊为界，中景拍摄队员协作，饱和度低，还原寒冷感。,"Polar research stations work at night under multiple light sources, including searchlights and cabin lights, with cool lighting dominating the environment. The frame is composed using the portico as the boundary, capturing mid-shot footage of team members collaborating, with low saturation to recreate the feeling of coldness."
T060,三分法构图,,逆光,,白光,远景,,,,,低,日出时分湖面倒映朝霞，三分法构图划分水天比例，逆光使船只成剪影，白光与暖光交融，远景展现广阔水域，对比度低，柔和过渡。,"At sunrise, the lake reflects the morning glow, with the rule of thirds dividing the ratio of water and sky. Backlighting turns the boats into silhouettes, blending white light with warm tones. The distant view showcases the vast expanse of water, with low contrast and soft transitions."
T061,对称构图,,顺光,软光,,全景,深景深,,,,,清晨的故宫红墙金瓦在晨雾中对称排列，顺光均匀照亮建筑正面，软光减少阴影层次，全景视角展现宫殿群落，深景深使远景角楼依然清晰。,"The red walls and golden roofs of the Forbidden City stand symmetrically in the morning mist, evenly illuminated by the front light, with soft light reducing shadow layers. A panoramic view showcases the cluster of palaces, and the deep depth of field keeps the distant corner towers clear."
T062,非对称构图,多光源,,,冷光,中景,,,,,中,城市天桥上行人错落分布，采用非对称构图制造视觉张力，多光源来自路灯与手机屏幕光，冷色调照明，中景拍摄动态，对比度中等。,"Pedestrians are scattered across an urban skybridge, with an asymmetrical composition creating visual tension. The lighting is cool-toned, coming from street lamps and smartphone screens. The scene is mid-shot, capturing movement with moderate contrast."
T063,三分法构图,,侧光,,暖光,远景,,高,,,,草原牧羊人驱赶羊群，采用三分法构图将人物置于右三分之一线，侧光拉长影子，暖光渲染黄昏氛围，远景展现广阔草场，饱和度高。,"The herdsman on the grassland drives his flock of sheep. Using the rule of thirds, he is positioned along the right third line. Side lighting elongates the shadows, while warm tones set the mood for the approaching twilight. The distant view showcases the vast grasslands with high color saturation."
T064,中心构图,,顶光,硬光,,特写,,,亮,,,潜水员在海底缓缓上升，身体居于画面中心，中心构图突出主体，顶光从水面穿透而下，硬光形成光柱，特写其呼吸器气泡，亮度亮。,"The diver ascends slowly from the seabed, with their body at the center of the frame. The central composition highlights the main subject. Top lighting penetrates through the water surface, casting hard light that forms a beam. A close-up of the bubbles from the diver's respirator is bright and prominent."
T065,框架构图,单光源,逆光,,,近景,浅景深,,,暖,,老式拱门形成天然框架构图，逆光勾勒门内行走者的剪影，单光源来自门外阳光，近景拍摄轮廓，浅景深虚化背景细节，色温偏暖。,"The old arches form a natural frame, backlighting outlines the silhouettes of those walking inside, with the single light source being the sunlight from outside. The close-up shot captures the contours, and a shallow depth of field blurs the background details, with a warm color temperature."
T066,引导线构图,,底光,,彩色光,全景,,,,,低,铁路道岔区铁轨交错延伸，构成复杂引导线构图，底光来自信号灯，发出彩色光芒，全景展现轨道网络，深景深贯穿前后，对比度低。,"The railway switches extend in a complex web of intersecting tracks, with low-key lighting from colored signal lights adding highlights. The wide shot showcases the track network with deep depth of field from front to back, and features low contrast."
T067,对称构图,多光源,,,暖光,中景,,中,,,,婚礼现场花坛左右对称布置，多光源来自吊灯与蜡烛，暖光交织营造温馨感，中景拍摄新人入场，饱和度中等，色彩柔和。,"The wedding venue features symmetrically arranged flower beds. Multiple light sources, including chandeliers and candles, create a warm atmosphere with soft, interwoven lighting. A medium shot captures the newlyweds entering the scene, with colors that are moderately saturated and gentle."
T068,中心构图,单光源,逆光,硬光,,特写,,,,中,,拳击擂台中央选手出拳，单光源聚光灯直射形成硬光投影，逆光凸显动作轮廓，中心构图聚焦对抗瞬间，特写拳套击打，色温中性。,"In the center of the boxing ring, the fighters throw punches; a single spotlight shines directly, creating hard shadows that outline their movements against the light. The composition centers on the moment of confrontation, with a close-up of the gloves making contact, and the color temperature is neutral."
T069,引导线构图,,顺光,软光,,远景,,,中,,,林间小径蜿蜒向前，引导线构图引导视线深入，顺光洒满落叶地面，软光使光影过渡柔和，远景拍摄尽头光斑，亮度中等。,"The winding forest path leads forward, guiding the viewer's gaze with leading lines. The front lighting illuminates the ground covered in fallen leaves, and soft light makes the transition of light and shadow gentle. The distant shot captures spots of light at the end, with medium brightness."
T070,非对称构图,多光源,,,彩色光,近景,,,,,高,夜市摊位灯光闪烁，多光源构成复杂照明系统，彩色光点缀小吃招牌，非对称构图安排人流，近景拍摄食物特写，对比度高。,"The night market stalls are aglow with flashing lights, creating a complex lighting system from multiple sources. Colorful lights decorate the signs of snacks, and the asymmetric layout directs the flow of people. Up-close shots of the food have high contrast."
T071,框架构图,,顶光,,白光,全景,深景深,,,,,天文台圆顶开启，以金属结构形成框架构图，顶光来自内部仪器指示灯，白光微弱照明，全景展现设备全貌，深景深记录细节层次。,"The observatory dome opens up, with a metal structure forming a framing composition. The top lighting comes from the internal instrument indicator lights, casting a faint white glow that illuminates the entire scene, showcasing the full appearance of the equipment. The deep depth of field captures the details and layers."
T072,,单光源,底光,硬光,,特写,,低,,,,舞者在地下室练习，单光源来自高窗斜射光线，硬光投下强烈影子，底光效果从下方照亮腿部，特写旋转动作，饱和度低，氛围压抑。,"The dancer practices in a basement with a single light source from a high window casting slanted rays. The harsh light creates strong shadows, and the low-key lighting illuminates the legs from below. A close-up of her spinning movement is shown with low saturation, creating an oppressive atmosphere."
T073,三分法构图,,侧光,,冷光,中景,,,,,中,沙漠日落时沙丘线条分明，采用三分法构图安排地平线，侧光雕刻纹理，冷光与暖光混合过渡，中景拍摄光影变化，对比度中等。,"At sunset, the outlines of the sand dunes are distinct. The horizon is positioned using the rule of thirds, with side lighting carving out the textures. The scene blends cool and warm tones, and mid-ground shots capture the play of light and shadow with moderate contrast."
T074,对称构图,,顶光,软光,,远景,,,,中,,正午阳光直射城市广场，顶光造成短影，软光因云层散射而柔和，对称构图拍摄喷泉，远景展现人群活动，色温中性。,"At noon, the direct sunlight hits the city square, casting short shadows due to the overhead light. The soft light, diffused by cloud cover, adds a gentle touch. The fountain is photographed with symmetrical composition, while the distant view shows the activities of the crowd, with neutral color temperature."
T075,非对称构图,单光源,逆光,硬光,,近景,,,暗,,,舞台剧演员背对强光源站立，逆光形成剪影轮廓，单光源产生硬光边缘，非对称构图留出舞台空白，近景表现姿态，亮度暗。,"The stage actor stands with their back to a strong light source, creating a silhouette outline against the backlight. The single light source produces harsh edges, and an asymmetrical composition leaves part of the stage blank. The close-up captures the posture in low brightness."
T076,对称构图,,顺光,,白光,中景,,高,,,,玻璃花房内植物整齐排列，对称构图强化秩序感，顺光透过屋顶均匀照明，白光还原真实色彩，中景拍摄叶片细节，饱和度高。,"The plants inside the glass greenhouse are neatly arranged in symmetrical patterns, enhancing a sense of order. The skylight allows uniform lighting with white light that accurately reproduces true colors. The mid-range shot captures the details of the leaves with high color saturation."
T077,框架构图,多光源,,,冷光,全景,浅景深,,,,,地铁站台广告灯箱密集排列，多光源形成冷色调照明环境，框架构图以栏杆为边界，全景拍摄候车人群，浅景深虚化移动列车。,"The metro platform is lined with closely packed advertising light boxes, creating a cool-toned lighting environment due to multiple light sources. The frame composition uses the railing as a boundary, capturing the waiting crowd in full view, while a shallow depth of field blurs the moving trains."
T078,中心构图,,侧光,软光,,近景,,,,暖,,老人坐在窗边阅读，中心构图突出人物主体，侧光柔和照亮书页，软光避免刺眼反光，近景拍摄翻书动作，色温偏暖。,"The elderly man sits by the window reading, with the central composition highlighting the main figure. Soft side lighting gently illuminates the pages of the book, and diffused light prevents any harsh reflections. A close-up captures the motion of turning the page, with a warm color temperature."
T079,引导线构图,多光源,,,彩色光,远景,,,,,高,高速公路夜间延时拍摄，车灯形成光轨，引导线构图沿车道延伸，多光源构成彩色光流，远景展现交通脉络，对比度高。,"Nighttime long exposure photography on the highway captures car lights as light trails, with leading lines extending along the lanes. Multiple light sources create colorful light flows, and the long shot reveals the network of traffic, featuring high contrast."
T080,三分法构图,,顺光,硬光,,特写,,中,,,,模特在影棚拍摄，顺光正面打光使面部无阴影，三分法构图安排眼神位置，硬光增强皮肤质感，特写面部，饱和度中等。,"The model is being photographed in a studio with front lighting to avoid shadows on the face. The gaze is positioned according to the rule of thirds. Harsh light is used to enhance the texture of the skin, and a close-up of the face is taken with medium saturation."
T081,框架构图,,底光,,暖光,全景,深景深,,中,,,古戏台以雕花窗棂形成框架构图，底光来自舞台灯笼，暖光向上照射演员，全景展现表演场景，深景深保持前后清晰，亮度中。,"The ancient stage is framed by carved lattice windows, with lighting from the stage lanterns casting warm uplights on the performers. The entire scene is illuminated with medium brightness and deep focus, ensuring clarity from foreground to background."
T082,非对称构图,,逆光,,白光,中景,,,,,低,街头滑板少年跃起瞬间，非对称构图制造动感，逆光勾勒身体轮廓，白光为主照明，中景拍摄动作全过程，对比度低，过渡柔和。,"A street skateboarding teenager leaps into the air, and an asymmetrical composition creates a sense of motion. Backlighting outlines his body contours, with white light as the main source of illumination. The action is captured in a mid-shot, with low contrast and soft transitions."
T083,中心构图,单光源,,,暖光,近景,浅景深,,,,,篝火晚会中一人独坐中央，中心构图强调孤独感，单光源来自火焰，暖光跳动照明，近景拍摄面部光影变化，浅景深虚化背景人群。,"At the bonfire party, one person sits alone in the center, with a central composition emphasizing loneliness. The single light source comes from the flames, casting warm, flickering light. A close-up shot captures the changes in facial shadows, while a shallow depth of field blurs the background crowd."
T084,三分法构图,多光源,,,彩色光,远景,,,,冷,,节日烟花在夜空绽放，多光源形成瞬时高亮，彩色光交织成图案，三分法构图安排爆炸点，远景拍摄天际全景，色温冷。,"Festival fireworks bloom in the night sky, with multiple light sources creating momentary highlights. Colored lights interweave into patterns. The burst points are arranged according to the rule of thirds. A long shot captures the full panorama of the horizon, with a cool color temperature."
T085,对称构图,,顶光,硬光,,全景,,高,,,,瀑布从高处垂直落下，对称构图展现水流对称美感，顶光直射水面，硬光突出水珠飞溅，全景拍摄，饱和度高，色彩鲜艳。,"The waterfall drops vertically from a great height, showcasing the symmetrical beauty of the flowing water with its balanced composition. Direct sunlight shines straight down onto the water's surface, and the hard light highlights the splashing water droplets. The full panoramic shot has high saturation and vivid colors."
T086,,单光源,侧光,硬光,,特写,,,,,高,实验室显微镜操作，单光源从上方照射样本，硬光增强纹理对比，侧光突出细胞边缘，特写镜头，对比度高，便于观察细节。,"Laboratory microscope operation with a single light source illuminating the sample from above, using harsh light to enhance texture contrast, side lighting to highlight cell edges, close-up shots with high contrast for easy detail observation."
T087,引导线构图,,顺光,软光,,中景,,,,中,,图书馆自习区长桌延伸至深处，引导线构图引导视线，顺光透过天窗洒下，软光覆盖桌面，中景拍摄学习场景，色温中性。,"The long study tables in the library stretch far into the distance, with guiding lines leading the eye. Soft sunlight streams in through skylights, casting a gentle glow over the desks. The scene is captured from a mid-shot, with a neutral color temperature."
T088,非对称构图,,底光,,彩色光,近景,,,暗,,,万圣节南瓜灯排列不规则，非对称构图制造诡异感，底光从内部照亮面部，彩色光闪烁，近景拍摄火焰跳动，亮度暗。,"Irregularly arranged Halloween pumpkins with asymmetrical designs create an eerie effect. The face is illuminated from below by internal lighting, while colored lights flicker. A close-up shot of the flame dancing in dim brightness."
T089,框架构图,多光源,,,冷光,中景,,低,,,,极地帐篷外暴风雪肆虐，多光源来自内部灯与手电，冷光主导环境，框架构图以门帘为界，中景拍摄队员检查设备，饱和度低。,"Outside the polar tent, a blizzard rages, with multiple light sources coming from internal lamps and flashlights, dominating the environment with cold light. The frame is divided by a door curtain, with a mid-shot of team members checking their equipment, shot in low saturation."
T090,三分法构图,,逆光,,白光,远景,,,,,低,日出湖面波光粼粼，三分法构图安排水天比例，逆光使小舟成剪影，白光与暖光交融，远景展现晨雾弥漫，对比度低。,"The sunrise creates shimmering ripples on the lake surface. The rule of thirds is used to arrange the ratio between water and sky. Backlight turns the small boat into a silhouette, blending white light with warm tones. The distant view shows the morning mist spreading, with low contrast throughout the scene."
T091,对称构图,,顺光,,白光,远景,深景深,,,,,清晨的现代美术馆外立面呈几何对称，顺光均匀照亮玻璃幕墙，白光反射天空，远景展现建筑与城市背景，深景深保持远景清晰。,"The facade of the modern art museum in the early morning is geometrically symmetrical, with sunlight evenly illuminating the glass walls. The white light reflects the sky, and the distant view shows the building against the backdrop of the city, with deep depth of field keeping the far scenery clear."
T092,非对称构图,多光源,,,冷光,中景,,,,,中,都市天桥上行人错位行走，非对称构图制造动态节奏，多光源来自手机与广告牌，冷光主导夜间环境，中景拍摄人群流动，对比度中等。,"Pedestrians on the city overpass walk out of alignment, creating a dynamic rhythm with an asymmetrical composition. Multiple light sources come from phones and billboards, with cool light dominating the night environment. The mid-shot captures the flow of people, with medium contrast."
T093,三分法构图,,侧光,,暖光,近景,,高,,,,草原上牧羊犬驱赶羊群，采用三分法构图将狗置于左三分之一线，侧光拉长影子，暖光渲染午后阳光，近景拍摄奔跑姿态，饱和度高。,"On the grassland, a herding dog drives a flock of sheep. Using the rule of thirds, the dog is placed along the left third line. Side lighting elongates the shadows, while warm light casts the afternoon sun. The scene is captured up close, showing the dog in motion, with high color saturation."
T094,中心构图,,顶光,硬光,,特写,,,亮,,,潜水员在沉船入口悬停，身体居于画面正中，中心构图突出探索感，顶光从水面穿透，硬光形成光束，特写其手触船体瞬间，亮度亮。,"The diver hovers at the entrance of the sunken ship, with his body centered in the frame to emphasize the sense of exploration. Top light penetrates through the water surface, forming a beam of hard light. The moment his hand touches the ship's hull is captured in close-up, highlighting the brightness of the scene."
T095,框架构图,单光源,逆光,,,近景,浅景深,,,,,老式火车站月台以铁架形成天然框架构图，逆光勾勒候车乘客剪影，单光源来自站台尽头，近景拍摄面部轮廓，浅景深虚化背景列车。,"The old-fashioned railway platform, with its iron framework forming a natural composition, outlines the silhouettes of passengers waiting on the platform against the backlight. The single light source comes from the end of the platform, and the close-up shot captures the contours of faces while using a shallow depth of field to blur the background train."
T096,引导线构图,,底光,,彩色光,全景,,,,冷,,山间盘山公路蜿蜒而上，引导线构图引导视线深入，底光来自晨雾中的地灯，彩色光点缀弯道警示灯，全景展现道路全貌，色温冷。,"The winding mountain road climbs up the hillside, with guide lines leading the eye into the distance. The underlighting comes from ground lamps in the morning mist, and colored lights accentuate the warning lights at the bends. The full view showcases the entire road, with a cool color temperature."
T097,对称构图,多光源,,,暖光,远景,,中,,,,婚礼仪式中花童撒花，对称构图安排走道两侧宾客，多光源来自烛台与吊灯，暖光营造温馨氛围，远景拍摄全场，饱和度中等。,"The flower petals scattered by the ring bearers during the wedding ceremony create a symmetrical composition with guests seated on both sides of the aisle. Multiple light sources from candelabras and chandeliers provide warm lighting, creating a cozy atmosphere. A long shot captures the entire scene with medium color saturation."
T098,中心构图,单光源,逆光,硬光,,,,,,,高,拳击手在角落调整手套，单光源聚光灯直射面部，硬光增强肌肉纹理，逆光勾勒轮廓，中心构图聚焦神情，对比度高。,"The boxer adjusts his gloves in the corner, with a single spotlight shining directly on his face. The harsh light highlights the texture of his muscles, while backlighting outlines his contours. The central composition focuses on his expression, with high contrast."
T099,引导线构图,,顺光,软光,,中景,深景深,,,,,林间溪流沿石阶跌落，引导线构图展现水流路径，顺光洒满水面，软光使波纹柔和，中景拍摄水花细节，景深深，前后清晰。,"The stream in the forest cascades down stone steps, with leading lines showcasing the water's path. The frontlit surface is bathed in light, and soft lighting makes the ripples gentle. Mid-range shots capture the details of the splashing water, creating a deep scene where both foreground and background are clear."
T100,非对称构图,多光源,,,彩色光,特写,,,中,,,夜市烧烤摊烟火升腾，多光源来自炉火与招牌灯，彩色光闪烁吸引顾客，非对称构图安排摊位分布，特写烤串翻转，亮度中。,"The night market barbecue stalls are bustling with activity, illuminated by multiple sources of light from the flames and sign lights. The colorful flashing lights attract customers, and the vendors are arranged in an asymmetrical composition. A close-up shows skewers being flipped, with medium brightness."
T101,框架构图,,顶光,,白光,全景,,,,中,,天文望远镜圆顶开启，以金属支架形成框架构图，顶光来自内部操作灯，白光微弱照明，全景展现设备启动过程，色温中性。,"The dome of the telescope opens up, framed by metallic support structures. The interior operating lights cast a soft, neutral white glow, illuminating the full process of the equipment startup."
T102,,单光源,底光,硬光,,特写,,低,,,,舞者在地下室练习倒立，单光源从低角度打来，底光制造戏剧性阴影，硬光增强肢体轮廓，特写脚部支撑，饱和度低，氛围冷峻。,"The dancer practices handstands in a basement with a single light source casting light from a low angle, creating dramatic shadows with the use of kicker lighting and enhancing the contours of the body with hard light. A close-up focuses on the feet supporting the pose, with low saturation and a cold atmosphere."
T103,三分法构图,,侧光,,冷光,近景,,,,,中,沙漠沙丘在日落时线条分明，三分法构图安排地平线，侧光雕刻纹理，冷光与暖光交界，近景拍摄光影过渡，对比度中等。,"Desert dunes have distinct outlines at sunset. The horizon is positioned using the rule of thirds, side lighting carves out the textures, and cold light meets warm light. A close-up shot captures the transition of light and shadow with moderate contrast."
T104,对称构图,,顶光,软光,,远景,,,亮,,,正午阳光直射城市喷泉，顶光造成短影，软光因薄云散射而柔和，对称构图拍摄水柱，远景展现人群嬉戏，亮度亮。,"At noon, the direct sunlight hits the city fountain, casting short shadows due to the overhead light. Softened by the scattering of thin clouds, the light is gentle as the water columns are photographed with symmetrical composition, while the background shows people playing, with overall brightness being high."
T105,非对称构图,单光源,逆光,硬光,,中景,,,,暖,,舞台剧演员背光出场，逆光形成剪影，单光源产生硬边轮廓，非对称构图留出舞台空白，中景拍摄入场动作，色温偏暖。,"The stage actor enters from the backlit side, with the backlight creating a silhouette. A single light source produces a sharp outline, and an asymmetrical composition leaves blank space on the stage. The entrance is filmed in mid-shot, with a warm color temperature."
T106,对称构图,,顺光,,白光,中景,,,,,低,玻璃温室中植物整齐排列，对称构图强化秩序感，顺光均匀照明，白光还原真实色彩，中景拍摄叶片露珠，对比度低。,"Plants are neatly arranged in the glass greenhouse, with symmetrical compositions enhancing a sense of order. Uniform lighting from front illumination and white light restore true colors. The mid-range shot focuses on dewdrops on leaves, featuring low contrast."
T107,框架构图,多光源,,,冷光,全景,浅景深,,,,,地铁广告墙灯光密集，多光源形成冷色调照明，框架构图以玻璃门为界，全景拍摄通勤人群，浅景深虚化移动背景。,"The subway advertising wall is brightly lit with numerous light sources creating a cool-toned illumination. The frame is defined by a glass door, and the entire scene captures the commuting crowd with a shallow depth of field that blurs the moving background."
T108,中心构图,,侧光,软光,,近景,,中,,,,老人坐在阳台藤椅上看书，中心构图突出主体，侧光柔和照亮书页，软光避免刺眼，近景拍摄翻页动作，饱和度中等。,"An elderly man sits on a wicker chair on the balcony reading a book. The central composition highlights the main subject, with soft side lighting gently illuminating the pages. The soft light avoids any glare, and a close-up captures the action of turning the page. The saturation is medium."
T109,引导线构图,多光源,,,彩色光,远景,,,,冷,,高速公路夜间航拍，车灯形成彩色光轨，引导线构图沿车道延伸，多光源构成动态轨迹，远景展现交通流，色温冷。,"Night aerial footage of a highway shows the headlights forming colorful light trails, guiding lines extending along the lanes, and multiple sources creating dynamic trajectories. The long shot reveals the flow of traffic, with a cool color temperature."
T110,三分法构图,,顺光,硬光,,中景,,,中,,,模特在影棚拍摄面部特写，顺光正面打光，硬光增强皮肤质感，三分法构图安排眼神位置，中景拍摄表情变化，亮度中等。,"The model is being photographed in a studio for close-up facial shots. The lighting is front-facing and coming from the direction of the light source, using hard light to enhance the texture of the skin. The gaze position follows the rule of thirds composition. Mid-shot is used to capture changes in expression, with moderate brightness."
T111,非对称构图,单光源,底光,硬光,冷光,,,,,,,地下室的非对称布局，单一的冷光从底部向上照射，硬质光线制造悬疑氛围。,"The basement's asymmetrical layout, illuminated by a single cold light shining up from below, creates a suspenseful atmosphere with its harsh lighting."
T112,,,,,,远景,深景深,中,亮,,中,草原牧场的远景，深景深展现天地辽阔，中饱和的色彩在明亮光线下自然和谐。,"A distant view of the grassland pasture, with deep depth of field showcasing the vast expanse of heaven and earth, and medium-saturated colors harmonizing naturally in bright light."
T113,,,,,,全景,浅景深,低,中,冷,,晨雾码头的全景，浅景深虚化远景，低饱和的冷色调在中等亮度中朦胧诗意。,"A panoramic view of the Morning Mist Pier, with a shallow depth of field blurring the distant scenery, and a low-saturated cool tone creating a hazy and poetic atmosphere in medium brightness."
T114,,,,,,中景,深景深,高,亮,暖,,集市商贩的中景，深景深展现热闹场景，高饱和的商品在强光下色彩鲜艳。,"A mid-shot of the market vendors, with a deep depth of field showcasing a bustling scene, and highly saturated goods appearing vividly under strong light."
T115,对称构图,多光源,顶光,软光,暖光,,,,,,,古典音乐厅的对称构图，多个水晶吊灯从顶部投下柔和的暖光，照亮整个演奏大厅，营造庄重典雅的氛围。,"The symmetrical layout of the classical music hall, with multiple crystal chandeliers hanging from above, casts soft warm light across the entire performance hall, creating an atmosphere of grandeur and elegance."
T116,,,,,,远景,深景深,低,中,冷,,雪山湖泊的远景，深景深让前景的松林和远山都清晰可见，低饱和度的冷色调画面在中等亮度下显得宁静空灵。,"The distant view of snow-capped mountains and lakes, with a deep depth of field that makes both the foreground pine forest and the distant mountains crystal clear, creates a serene and ethereal scene with its low-saturation cool color tones at medium brightness."
T117,非对称构图,单光源,侧光,硬光,白光,,,,,,,现代艺术展区的非对称布局，单一射灯从侧面投下硬质白光，在雕塑表面形成强烈的明暗对比。,"The modern art gallery's asymmetrical layout, with a single spotlight casting harsh white light from the side, creates strong contrasts of light and shadow on the sculptures."
T118,,,,,,全景,浅景深,高,亮,暖,,夏日海滩的全景，浅景深虚化远处海浪，高饱和度的蓝色海水在明亮阳光下闪耀，暖色调增强度假氛围。,"A panoramic view of the summer beach, with a shallow depth of field that blurs the distant waves, and the high saturation of blue in the sea water sparkling in bright sunlight, enhanced warm tones adding to the vacation atmosphere."
T119,三分法构图,多光源,逆光,硬光,冷光,,,,,,,城市天际线的三分法构图，多个建筑的玻璃幕墙反射冷色调逆光，硬朗的光线勾勒出现代化轮廓。,"The city skyline follows a rule of thirds composition, with multiple buildings' glass facades reflecting cool-toned backlighting. Sharp light outlines the modern contours."
T120,,,,,,中景,深景深,中,中,,中,咖啡馆读书角的中景，深景深展现整个环境细节，中等的色彩和对比度营造舒适休闲氛围。,"A mid-shot of the reading corner in the cafe, with a deep depth of field to showcase the details of the entire environment. Moderate color and contrast create a comfortable and relaxed atmosphere."
T121,中心构图,单光源,底光,软光,彩色光,,,,,,,舞台表演的中心构图，从下方投来的单一彩色软光，为舞者营造梦幻般的视觉效果。,"The central stage setup, with soft colored light shining up from below, creates a dreamlike visual effect for the dancers."
T122,,,,,,近景,浅景深,低,暗,,高,古老书籍的近景，浅景深虚化背景，低饱和的暗调画面配合高对比度，展现历史文献的厚重感。,"A close-up of an ancient book with a shallow depth of field that blurs the background, a low-saturation dark tone, and high contrast to convey the weighty feel of historical documents."
T123,框架构图,多光源,顺光,硬光,白光,,,,,,,通过拱形门廊（框架构图）观看庭院，多个照明灯提供均匀的白色顺光，硬质光线清晰展现建筑细节。,"Viewing the courtyard through an arched portico (framed composition), multiple lighting fixtures provide even white front lighting, with hard light clearly showcasing the architectural details."
T124,,,,,,特写,深景深,高,亮,,高,珠宝工艺的特写，深景深展现每个切割面，高饱和的宝石在强光下折射出耀眼的光芒。,"Close-up shots of jewelry craftsmanship, with a deep depth of field showcasing every cut facet, and highly saturated gemstones refracting dazzling light in strong illumination."
T125,引导线构图,单光源,侧光,软光,暖光,,,,,,,林间小道的引导线构图，夕阳的侧光柔和温暖，为整个场景披上金色光辉。,"The trail through the forest guides the composition, and the soft, warm sidelight of the sunset adorns the entire scene with golden hues."
T126,,,,,,远景,浅景深,中,暗,暖,,黄昏田野的远景，浅景深让远山朦胧，中饱和的暖色调在暗光中营造温馨的暮色氛围。,"The distant view of the sunset field, with a shallow depth of field making the distant mountains hazy, creates a warm and cozy twilight atmosphere with moderately saturated warm tones in the dim light."
T127,对称构图,多光源,逆光,软光,冷光,,,,,,,现代教堂的对称空间，多个彩色玻璃窗透出冷色调逆光，柔和的光线充满神圣感。,"The symmetrical space of a modern church is filled with a sense of sanctity as multiple colored windows let in cool, backlit light, casting a soft glow."
T128,,,,,,全景,深景深,低,亮,冷,,冬日雪原的全景，深景深展现辽阔雪景，低饱和的冷色调在明亮光线下更显纯净。,"A panoramic view of the winter snowfield, with a deep depth of field showcasing the vast snowy landscape, and the low-saturated cool tones appearing even purer in bright light."
T129,非对称构图,单光源,顶光,硬光,彩色光,,,,,,,实验室工作台的非对称布局，单一彩色顶灯投下硬质光线，突出实验器材的科技感。,"The asymmetric layout of the laboratory workstations, combined with a single-color top light casting hard shadows, highlights the technological feel of the experimental equipment."
T130,,,,,,中景,浅景深,高,中,,低,花店陈列的中景，浅景深虚化背景，高饱和的花朵色彩在柔和光线下和谐统一。,"The midground of a flower shop, with a shallow depth of field blurring the background, features highly saturated flower colors that harmonize beautifully under soft lighting."
T131,三分法构图,单光源,底光,软光,暖光,,,,,,,餐厅餐桌的三分法构图，从下方投射的单一暖光柔和照亮餐具，营造温馨用餐氛围。,"A third-rule composition of the restaurant table, with a single warm light softly illuminating the tableware from below, creates a cozy dining atmosphere."
T132,,,,,,近景,深景深,中,亮,冷,,科技产品的近景，深景深展现产品全貌，中饱和的金属质感在冷光下凸显现代设计。,"A close-up of a tech product, with a deep depth of field showcasing the entire product. Its moderately saturated metallic finish stands out under cool lighting, highlighting its modern design."
T133,中心构图,多光源,侧光,硬光,白光,,,,,,,珠宝展示柜的中心构图，多个侧灯投下硬质白光，让钻石的每个切面都闪耀夺目。,"The central display in the jewelry showcase is illuminated by multiple sidelights casting harsh white light, making every facet of the diamond sparkle brilliantly."
T134,框架构图,单光源,逆光,软光,暖光,,,,,,,通过圆形窗框（框架构图）观看室内，逆光的暖色软光为空间营造温馨私密感。,"Looking through a circular window frame (framing composition), warm, soft light from the backlighting creates a cozy and intimate atmosphere in the space."
T135,,,,,,特写,浅景深,低,中,,中,陶瓷工艺的特写，浅景深虚化背景，低饱和的釉色在自然光下展现细腻质感。,"A close-up of ceramic craftsmanship with a shallow depth of field that blurs the background, showcasing the delicate texture of the low-saturated glaze in natural light."
T136,引导线构图,多光源,顶光,硬光,彩色光,,,,,,,商业街的引导线构图，多个彩色顶灯投下硬质光线，营造繁华的夜间景观。,"The layout of the commercial street features multiple colored pendant lights casting sharp beams, creating a bustling nighttime scene."
T137,,,,,,远景,深景深,高,暗,暖,,沙漠落日的远景，深景深展现天地辽阔，高饱和的暖色调在暗光中更显壮丽。,"The distant view of the desert sunset, with its deep depth of field showcasing the vast expanse of land and sky, and the high saturation of warm colors appearing even more majestic in the dim light."
T138,对称构图,单光源,顺光,软光,白光,,,,,,,图书馆书架的对称构图，单一窗户的顺光柔和均匀，为阅读空间提供舒适照明。,"The symmetrical arrangement of the library bookshelves and the soft, even light from a single window provide comfortable illumination for the reading space."
T139,,,,,,全景,浅景深,中,中,,高,城市广场的全景，浅景深虚化背景建筑，中饱和的色彩配合高对比度突出主体人物。,"A panoramic view of the city square, with a shallow depth of field blurring the background buildings, and moderately saturated colors enhancing the high contrast to highlight the main figure."
T140,非对称构图,多光源,逆光,硬光,暖光,,,,,,,艺术工作室的非对称布局，多个暖色逆光形成硬朗轮廓，突出创作中的艺术品。,"The asymmetric layout of the art studio, with multiple warm backlighting creating sharp outlines, highlights the artwork being created."
T141,,,,,,中景,深景深,低,亮,暖,,茶室待客的中景，深景深展现传统装饰，低饱和的暖色调在明亮光线下更显雅致。,"A medium close-up of a teahouse reception area, with a deep depth of field showcasing traditional decorations. The warm, low-saturation tones appear even more refined in bright lighting."
T142,三分法构图,多光源,侧光,软光,冷光,,,,,,,现代展厅的三分法构图，多个侧灯投下冷色调软光，为展品营造科技感氛围。,"The modern exhibition hall uses a rule of thirds composition with multiple sidelights casting cool, soft lighting to create a tech-savvy atmosphere for the exhibits."
T143,,,,,,近景,浅景深,高,暗,冷,,水族箱的近景，浅景深虚化背景，高饱和的珊瑚色彩在暗光中发出冷色荧光。,"A close-up of an aquarium with a shallow depth of field that blurs the background, where highly saturated coral colors emit a cool fluorescent glow in dim light."
T144,中心构图,单光源,顶光,硬光,暖光,,,,,,,古董展示的中心构图，单一顶灯投下硬质暖光，突出文物的历史质感。,"The central composition of the antique display is highlighted by a single overhead lamp casting a crisp warm light, emphasizing the historical texture of the artifacts."
T145,对称构图,单光源,顶光,硬光,,,,,,,高,古典教堂内部的对称构图，单一穹顶天窗投下硬质顶光，强烈的明暗对比凸显建筑结构的庄严美感。,"The symmetrical layout inside the classical church, with a single dome skylight casting harsh overhead light, highlights the majestic beauty of the architecture through strong contrasts of light and shadow."
T146,,,,,,远景,深景深,低,中,冷,,雪山远景，深景深展现连绵山脉，低饱和度的冷色调在中等亮度下营造出纯净空灵的意境。,"The distant snow-capped mountains, with a deep depth of field showcasing the continuous range of peaks, create a pure and ethereal atmosphere with low-saturation cool tones under medium brightness."
T147,三分法构图,多光源,侧光,软光,暖光,,,,,,,咖啡馆窗边的三分法构图，多盏壁灯投下柔和的暖色侧光，营造温馨舒适的休闲氛围。,"The cafe by the window uses the rule of thirds composition, with multiple wall lamps casting soft warm side lighting, creating a cozy and comfortable atmosphere for relaxation."
T148,,,,,,特写,浅景深,高,亮,暖,,水果摊特写，浅景深虚化背景，高饱和的暖色调在明亮光线下展现果实的新鲜诱人。,"A close-up of a fruit stand, with a shallow depth of field that blurs the background, and highly saturated warm tones highlighting the freshness and allure of the fruits in bright lighting."
T149,非对称构图,单光源,逆光,硬光,冷光,,,,,,,现代雕塑展区的非对称布局，单一冷色逆光形成硬朗剪影，突出艺术品的抽象形态。,"The asymmetric layout of the modern sculpture exhibition area, combined with single cool colors under backlighting, creates sharp silhouettes that highlight the abstract forms of the artworks."
T150,,,,,,全景,深景深,中,中,,中,城市广场全景，深景深展现环境细节，中等的色彩和对比度真实还原日常场景。,"A panoramic view of the city square, with a deep depth of field to showcase environmental details, and medium color and contrast to authentically reproduce a typical daily scene."
T151,中心构图,多光源,底光,软光,彩色光,,,,,,,舞台表演的中心构图，多色底光柔和向上照射，为舞者营造梦幻的视觉效果。,"The central stage setup, with soft multicolored uplighting, creates a dreamlike visual effect for the dancers."
T152,,,,,,近景,浅景深,低,暗,,低,古籍文献近景，浅景深虚化背景，低饱和的暗调画面配合柔和对比度，呈现历史厚重感。,"A close-up of ancient texts and documents, with a shallow depth of field blurring the background, and a low-saturated, dark-toned image paired with soft contrast to evoke a sense of historical weight."
T153,框架构图,单光源,顺光,硬光,白光,,,,,,,通过门框构图观看书房，单一白顺光硬质照射，清晰展现书架和阅读区的每个细节。,"View the study through the door frame; a single white, direct hard light illuminates it, clearly showcasing every detail of the bookshelves and reading area."
T154,,,,,,中景,深景深,高,,暖,高,市场摊贩中景，深景深展现热闹场景，高饱和的色彩在强对比下更显生动鲜活。,"A medium shot of the market vendors with a deep depth of field showcasing a lively scene, where the highly saturated colors appear even more vivid and vibrant against strong contrasts."
T155,引导线构图,多光源,逆光,软光,冷光,,,,,,,地铁隧道引导线构图，多个冷色逆光柔和照射，形成具有纵深感的未来空间。,"The metro tunnel guide lines, illuminated softly by multiple cool-colored backlight sources, create a deep, futuristic space."
T156,,,,,,远景,浅景深,中,中,暖,,田园风光远景，浅景深让远山朦胧，中饱和的暖色调在自然光下展现乡村宁静。,"The distant view of the pastoral scenery, with a shallow depth of field making the far mountains hazy, and warm tones of medium saturation showcasing the tranquility of the countryside in natural light."
T157,对称构图,多光源,侧光,硬光,冷光,,,,,,,美术馆对称空间，多个侧灯投下冷色硬光，精确照亮每件艺术品的质感。,"In the symmetrical space of the art gallery, multiple side lights cast cool, harsh beams, precisely illuminating the texture of each artwork."
T158,,,,,,特写,深景深,低,暗,冷,,机械腕表特写，深景深展现精密结构，低饱和的冷色调在暗光中凸显工业美感。,"Close-up of a mechanical watch, with a deep depth of field showcasing its intricate structure, and low-saturated cool tones highlighting its industrial aesthetics in dim lighting."
T159,三分法构图,单光源,顶光,软光,白光,,,,,,,工作室三分法构图，单一顶灯投下柔和白光，为创作区域提供均匀照明。,"The studio uses the rule of thirds composition, with a single top light casting soft white light to provide even illumination for the creative area."
T160,,,,,,全景,浅景深,高,,冷,高,夜景城市全景，浅景深虚化远景，高饱和的霓虹色彩在冷色调中对比强烈。,"The night cityscape offers a panoramic view with a shallow depth of field that blurs the distant scenery, and the highly saturated neon colors stand out vividly against the cool tones."
T161,非对称构图,多光源,底光,硬光,暖光,,,,,,,舞台剧非对称布局，多盏暖色底光硬质向上，营造戏剧性的光影效果。,The stage play features an asymmetrical layout with multiple warm-colored spotlights shining upward to create a dramatic lighting effect.
T162,,,,,,近景,深景深,中,亮,,中,手工艺近景，深景深展现制作过程，中等的色彩和亮度真实记录创作细节。,"Close-up of craftsmanship with a deep depth of field to showcase the production process, medium color and brightness to authentically record the details of the creation."
T163,中心构图,单光源,逆光,软光,暖光,,,,,,,人物肖像中心构图，单一暖色逆光柔和勾勒轮廓，营造温馨的人物特写。,"The portrait is centered with a single warm light source from behind, gently outlining the subject's contours and creating a cozy close-up."
T164,框架构图,多光源,顺光,软光,彩色光,,,,,,,通过窗框观看节日庭院，多色彩光柔和顺向照射，营造欢快的庆典氛围。,"Looking through the window frame at the festive courtyard, soft multicolored lights shine gently, creating a joyful celebration atmosphere."
T165,对称构图,单光源,侧光,软光,暖光,,,,,,,一座新古典主义建筑的大厅，采用完美的对称构图，单一窗户射入的侧光柔和地照亮空间，温暖的软光为大理石柱投下柔和的阴影，营造出庄重而温馨的氛围。,"A neoclassical hall with perfectly symmetrical design is softly illuminated by side light from a single window, casting gentle shadows on the marble columns with warm, soft light, creating an atmosphere that is both solemn and cozy."
T166,三分法构图,多光源,逆光,硬光,冷光,,,,,,,黄昏时分的地平线，采用三分法构图将天空与大地分开，多盏城市灯光与夕阳的逆光形成硬朗的轮廓，冷色调的光线勾勒出建筑的剪影，画面充满现代感。,"At dusk, the horizon is divided by the rule of thirds, separating the sky from the earth. The hard outlines of city lights and the backlight of the setting sun create a striking contrast, with cool-toned lighting outlining the silhouettes of buildings, giving the scene a modern feel."
T167,中心构图,单光源,顶光,硬光,白光,,,,,,,实验室工作台的中心构图，一盏明亮的顶灯作为单一光源投下硬质白光，精确照亮台上的仪器，形成强烈的视觉焦点。,"The centerpiece of the laboratory workbench is a bright overhead lamp serving as the sole light source, casting harsh white light that precisely illuminates the instruments on the table, creating a strong visual focal point."
T168,框架构图,多光源,底光,软光,彩色光,,,,,,,通过古老的石拱门（框架构图）观看节日庆典，多盏地面灯光向上投射柔和的彩色光，照亮欢庆的人群，营造神秘而欢快的氛围。,"Viewing the festival celebration through an ancient stone archway (with a frame composition), with multiple ground lights projecting soft colored light upward, illuminating the joyful crowd and creating a mysterious yet cheerful atmosphere."
T169,引导线构图,单光源,顺光,软光,暖光,,,,,,,一条延伸向远方的小路形成自然引导线，清晨的顺光柔和地洒在路面上，温暖的软光让整个场景充满宁静的田园诗意。,"A narrow path stretching into the distance forms a natural leading line. The gentle morning light falls softly upon it, bathing the entire scene in a warm, tranquil pastoral ambiance."
T170,非对称构图,多光源,侧光,硬光,冷光,,,,,,,现代艺术画廊的非对称布局，多个射灯从不同角度投下冷色调的硬质侧光，在艺术品上形成强烈的明暗对比。,"The modern art gallery's asymmetrical layout features multiple spotlights casting cool, hard-side lighting from various angles, creating strong contrasts of light and shadow on the artwork."
T171,对称构图,单光源,逆光,软光,暖光,,,,,,,樱花树下的对称构图，逆光的软质暖光透过花瓣，形成柔美的光晕效果，整个画面洋溢着春日的浪漫气息。,"The symmetrical composition under the cherry blossom tree, with soft warm light filtering through the petals against the backlight, creates a gentle halo effect, filling the entire scene with the romantic atmosphere of spring."
T172,三分法构图,多光源,顶光,硬光,白光,,,,,,,现代化厨房的三分法构图，多个嵌入式顶灯投下明亮的白光，硬质光线清晰地展现厨具的金属质感。,"The modern kitchen's tripartite composition features multiple recessed ceiling lights casting bright white light, with the harsh lighting clearly showcasing the metallic texture of the kitchenware."
T173,中心构图,单光源,底光,硬光,冷光,,,,,,,舞台中央的独舞者，从下方投来的单一冷光形成戏剧性的底光效果，硬质光线突出舞者的每一个动作轮廓。,"The solo dancer at the center of the stage is dramatically backlit by a single cold light from below, casting a hard light that accentuates every contour of the dancer's movements."
T174,框架构图,多光源,侧光,软光,暖光,,,,,,,从窗户（框架构图）望向室内书房，多盏台灯的侧光投射出柔和的暖光，营造出温馨的阅读氛围。,"Looking into the study room from the window (framed composition), multiple table lamps cast soft warm light from the side, creating a cozy reading atmosphere."
T175,,,,,,远景,深景深,低,中,冷,,雪山远景，深景深让前景的松树和远山都清晰可见，低饱和度的冷色调画面呈现出宁静的冬日景象。,"The distant view of the snow-capped mountains, with a deep depth of field that makes both the foreground pine trees and the faraway peaks clear, presents a serene winter scene in low-saturation cool tones."
T176,,,,,,全景,浅景深,高,亮,暖,,丰收麦田的全景，浅景深虚化背景，高饱和度的金黄色在明亮阳光下闪耀，暖色调让画面充满丰收的喜悦。,"A panoramic view of the bountiful wheat fields, with a shallow depth of field blurring the background, and the high saturation of golden yellow shining brightly in the sunlight, creating a warm tone that fills the scene with joy and the spirit of a bountiful harvest."
T177,,,,,,中景,深景深,中,中,,中,咖啡馆的中景画面，深景深展现整个环境的细节，中等的饱和度、亮度和对比度营造出舒适的生活气息。,"A medium shot of the café, with a deep depth of field showcasing the details of the entire environment. Moderate saturation, brightness, and contrast create a comfortable and cozy atmosphere."
T178,,,,,,近景,浅景深,低,暗,,高,人物面部的近景，浅景深虚化背景，低饱和度的暗调画面配合高对比度，营造出神秘的情感氛围。,"A close-up of a character's face with a shallow depth of field that blurs the background, combined with a low-saturation dark tone and high contrast, creates an atmosphere of mystery."
T179,,,,,,特写,深景深,高,亮,暖,,水果摊上苹果的特写，深景深展现每一个细节，高饱和度的红色在明亮光线下格外诱人，暖色调增强食欲感。,"A close-up of the apples at the fruit stand, with a deep depth of field showcasing every detail. The high saturation of red is especially alluring in bright light, and warm tones enhance the appeal to appetite."
T180,,,,,,远景,浅景深,中,暗,冷,,雾中山峦的远景，浅景深让远山朦胧，中饱和度的冷色调在暗光环境下营造出神秘的山水意境。,"The distant mountain ranges shrouded in mist, with a shallow depth of field creating a hazy effect on the far mountains. The medium saturation of cool tones in low light creates an enigmatic and mystical landscape atmosphere."
T181,引导线构图,多光源,逆光,硬光,彩色光,,,,,,,城市隧道的引导线构图，隧道顶部的多盏霓虹灯形成彩色逆光，硬质光线勾勒出车辆的轮廓，充满未来感。,"The composition of guide lines in urban tunnels, with multiple neon lights at the top creating colorful backlighting, outlines the contours of vehicles with hard light, exuding a sense of futurism."
T182,非对称构图,单光源,顺光,软光,白光,,,,,,,工作室的非对称布局，单一窗户的顺光柔和地照亮工作区，自然的白光为创作空间提供均匀照明。,"The studio's asymmetrical layout is gently illuminated by soft natural light from a single window, providing even illumination with its white light for the creative space."
T183,中心构图,多光源,顶光,软光,暖光,,,,,,,餐厅餐桌的中心构图，多个吊灯投下柔和的暖光顶光，营造出温馨的用餐氛围。,"The centerpiece of the restaurant's dining tables is adorned with multiple pendant lights casting soft, warm overhead lighting, creating a cozy dining atmosphere."
T184,框架构图,单光源,侧光,硬光,冷光,,,,,,,通过门框（框架构图）观看走廊，单一的侧光投下冷色调的硬质光线，形成强烈的空间纵深感。,"Looking through a doorway (framed composition), a single side light casts a cold, harsh beam, creating a strong sense of depth in the corridor."
T185,,,,,,全景,深景深,低,中,,低,清晨湖面的全景，深景深展现远近景色，低饱和度的柔和色调配合低对比度，营造出宁静的水墨画效果。,"A panoramic view of the lake at dawn, with a deep depth of field showcasing both near and distant scenery. The soft tones with low saturation and reduced contrast create a tranquil ink wash painting effect."
T186,,,,,,中景,浅景深,高,亮,,高,街头表演的中景，浅景深突出表演者，高饱和度的服装色彩在明亮光线下格外醒目，高对比度增强视觉冲击力。,"An intermediate close-up of the street performance, with a shallow depth of field highlighting the performer. The high saturation of their costume colors stands out particularly vividly in the bright light, and the high contrast enhances the visual impact."
T187,,,,,,近景,深景深,中,中,,中,手工艺人工作的近景，深景深展现工作台全貌，中等的色彩和明度关系真实记录创作过程。,"A close-up of the craftsman at work, with a deep depth of field showing the full workspace, and medium color and tonal relationships realistically capturing the creative process."
T188,,,,,,特写,浅景深,低,暗,,低,古老书籍的特写，浅景深虚化背景，低饱和度的暗调画面配合低对比度，营造出复古的文献感。,"A close-up of an ancient book with a shallow depth of field blurring the background, low saturation, and low contrast create a dark-toned atmosphere, evoking a sense of vintage literature."
T189,对称构图,多光源,顺光,软光,白光,,,,,,,博物馆展厅的对称构图，多个射灯提供均匀的顺光照明，柔和的白色光线完美展现展品细节。,"The symmetrical layout of the museum gallery, with multiple spotlights providing even front lighting, perfectly showcases the details of the exhibits with soft white light."
T190,三分法构图,单光源,逆光,硬光,暖光,,,,,,,沙漠日落的三分法构图，单一的夕阳逆光形成硬朗的驼队剪影，暖色调的光线染红整个天空。,"A desert sunset using the rule of thirds, with a single sun casting a hard silhouette of a camel caravan against the light, and warm tones coloring the entire sky red."
T191,,,,,,远景,深景深,高,亮,暖,,梯田的远景，深景深展现层层叠叠的景观，高饱和度的绿色在明亮阳光下生机勃勃，暖色调增强田园美感。,"The distant view of the terraced fields, with its deep depth of field showcasing layer upon layer of scenery, exudes vibrant life under the bright sunlight, and the warm tones enhance the pastoral beauty."
T192,,,,,,全景,浅景深,低,暗,冷,,雨夜街头的全景，浅景深虚化背景霓虹灯，低饱和度的冷色调在暗光下营造出忧郁的都市氛围。,"A panoramic view of the street on a rainy night, with a shallow depth of field blurring the neon lights in the background and a low saturation of cool tones creating a melancholic urban atmosphere in dim lighting."
T193,,,,,,中景,深景深,高,中,暖,,市场摊贩的中景，深景深展现热闹的环境，高饱和度的商品色彩在自然光下鲜艳夺目，暖色调增强生活气息。,"A medium shot of market vendors, with a deep depth of field showcasing the bustling environment. The highly saturated colors of the goods stand out vividly under natural light, and warm tones enhance the lively atmosphere."
T194,,,,,,近景,浅景深,中,亮,冷,,科技产品的近景，浅景深突出产品轮廓，中饱和度的金属质感在冷光照射下展现现代科技美感。,A close-up of a tech product with a shallow depth of field highlighting its contours. The medium-saturated metallic finish showcases modern technological aesthetics under cool lighting.
T195,框架构图,单光源,侧光,硬光,冷光,,,,,,,通过破损的窗框（框架构图）观看废墟内部，单一来源的侧光投下冷色调的硬质光线，在断壁上形成强烈的阴影对比。,"Looking through a broken window frame (a framed composition), the interior of the ruins is illuminated by a single source of sidelight, casting cold, hard light that creates strong shadow contrasts on the broken walls."
T196,三分法构图,多光源,顶光,软光,暖光,,,,,,,传统茶馆的三分法构图，多个纸质灯笼的顶光投下柔和的暖光，茶具的热气在光线中缓缓上升。,"The traditional tea house employs a rule of thirds composition, with multiple paper lanterns casting a soft warm light from above, and the steam from the teaware rising slowly in the beams of light."
T197,中心构图,单光源,逆光,软光,白光,,,,,,,实验室培养皿的中心构图，背面的单一光源透过玻璃发出柔和的白色逆光，清晰展现细胞结构。,"The central composition in a laboratory petri dish is clearly revealed with soft white backlight emanating from a single light source behind the glass, vividly showcasing the cellular structure."
T198,引导线构图,多光源,底光,硬光,彩色光,,,,,,,地铁隧道的引导线构图，轨道两侧的多彩底光向上投射硬质光线，形成科幻感的通道效果。,"The composition of the guiding lines in the subway tunnel, with multi-colored underlighting projecting hard light upwards on both sides of the tracks, creates a sci-fi effect for the passage."
T199,非对称构图,单光源,顺光,软光,暖光,,,,,,,艺术家工作室的非对称布局，窗户的顺光柔和温暖，照亮画架上未完成的作品。,"The artist's studio has an asymmetrical layout, with soft and warm sunlight streaming in through the windows, illuminating an unfinished piece on the easel."
T200,对称构图,多光源,侧光,硬光,白光,,,,,,,现代美术馆的对称空间，多个射灯从两侧投下硬质白光，精确照亮每件展品。,"In the symmetrical space of the modern art museum, multiple spotlights on both sides cast sharp white light, precisely illuminating each exhibit."
T201,,,,,,远景,深景深,低,暗,冷,,暴风雨来临前的海面远景，深景深展现天地交接，低饱和的冷色调在暗光中预示风暴将至。,"A distant view of the sea before a storm, with a deep depth of field showcasing where heaven meets earth. The low-saturated cool tones in the dim light foreshadow the approaching storm."
T202,,,,,,全景,浅景深,高,亮,暖,,春日花园的全景，浅景深虚化背景，高饱和的花朵在明亮阳光下绽放，暖色调充满生机。,"A panoramic view of the spring garden, with a shallow depth of field that blurs the background, showcasing highly saturated flowers blooming in bright sunlight, filled with warm tones and vitality."
T203,,,,,,中景,深景深,中,中,,高,老匠人中景工作画面，深景深展现作坊全貌，中等饱和度配合高对比度突出手艺细节。,"A medium shot of the veteran craftsman at work, with a deep depth of field to showcase the full appearance of the workshop, and medium saturation combined with high contrast to highlight the details of the craftsmanship."
T204,,,,,,近景,浅景深,低,中,,低,古籍书页的近景，浅景深虚化背景，低饱和的黄色纸张在中性光线下呈现柔和质感。,A close-up of an ancient text page with a shallow depth of field blurring the background. The low-saturated yellow paper appears soft under neutral lighting.
T205,,,,,,特写,深景深,高,亮,,高,珠宝首饰的特写，深景深展现每个切面，高饱和的宝石在强光下闪耀夺目。,A close-up of jewelry with a deep depth of field that showcases every facet. The high-saturated gems shine brilliantly under strong light.
T206,框架构图,多光源,逆光,软光,暖光,,,,,,,通过圆形拱门（框架构图）观看庭院，多个灯笼的逆光柔和温暖，勾勒出竹影婆娑。,"Viewing the courtyard through a circular arch (framed composition), multiple lanterns cast a soft and warm glow, outlining the swaying bamboo shadows."
T207,中心构图,单光源,顶光,硬光,冷光,,,,,,,手术台的中心构图，无影灯的硬质冷光从顶部直射，确保操作区域明亮清晰。,"The operating table is at the center, with harsh cold light from the overhead lamp shining directly down to ensure the operating area is bright and clear."
T208,三分法构图,多光源,侧光,软光,彩色光,,,,,,,酒吧台的三分法构图，多盏彩色侧灯投下柔和光线，营造迷离的夜间氛围。,"The bar counter is composed using the rule of thirds, with multiple colored side lights casting soft beams to create an enchanting night-time atmosphere."
T209,引导线构图,单光源,底光,硬光,白光,,,,,,,地下管道的引导线构图，单一的白光从底部向上照射，硬质光线凸显管道结构。,"The composition of the underground pipeline is highlighted by a single beam of white light shining up from below, accentuating the hard lines and structure of the pipe."
T210,非对称构图,多光源,顺光,硬光,暖光,,,,,,,现代厨房的非对称设计，多个射灯提供均匀的暖色顺光，硬质光线展现食材质感。,"The modern kitchen features an asymmetrical design, with multiple spotlights providing even warm ambient lighting and harsher light highlighting the textures of the food."
T211,,,,,,远景,浅景深,中,中,暖,,秋日山谷的远景，浅景深让远山朦胧，中饱和的暖色调展现季节变迁的温柔。,"The distant view of the valley in autumn, with a shallow depth of field making the distant mountains hazy, and warm tones of medium saturation showcase the gentle transition of the seasons."
T212,,,,,,全景,深景深,高,暗,冷,,极夜城市的全景，深景深展现建筑轮廓，高饱和的霓虹在暗夜中发出冷光。,"A panoramic view of the nocturnal city, with a deep depth of field highlighting the outlines of buildings, and highly saturated neon lights emitting a cold glow in the darkness."
T213,,,,,,中景,浅景深,低,亮,,中,舞蹈排练的中景，浅景深突出舞者，低饱和的练功服在明亮光线下优雅飘逸。,A medium shot of dance rehearsal with a shallow depth of field that highlights the dancers. The low-saturated practice costumes appear elegant and ethereal under bright lighting.
T214,,,,,,近景,深景深,中,暗,,高,古老钟表的近景，深景深展现机械结构，中饱和的色彩在暗光中依靠高对比度清晰呈现。,"A close-up of an antique clock, with a deep depth of field showcasing its mechanical structure, and moderately saturated colors vividly displayed in low light due to high contrast."
T215,,,,,,特写,浅景深,高,中,,低,新鲜水果的特写，浅景深虚化背景，高饱和的果实在柔和光线下呈现自然美感。,"A close-up of fresh fruit with a shallow depth of field that blurs the background, showcasing the high saturation of the fruit in soft lighting, revealing its natural beauty."
T216,对称构图,单光源,侧光,软光,彩色光,,,,,,,教堂彩窗的对称构图，阳光透过彩色玻璃投下柔和的侧光，在地面形成斑斓图案。,"The symmetrical composition of the church windows, with soft sidelights filtering through the colored glass, creates a kaleidoscope of patterns on the floor."
T217,三分法构图,多光源,逆光,硬光,冷光,,,,,,,城市天际线的三分法构图，多个建筑的逆光形成硬朗剪影，冷色调凸显现代感。,"A third-level composition of the city skyline, with multiple buildings backlit to create bold silhouettes, and cool tones highlighting a modern feel."
T218,中心构图,多光源,顶光,软光,暖光,,,,,,,宴会餐桌的中心构图，多个水晶吊灯投下柔和的暖光顶光，营造奢华氛围。,"The centerpiece of the banquet table is illuminated by multiple crystal chandeliers hanging above, casting soft warm light and creating a luxurious atmosphere."
T219,框架构图,单光源,顺光,硬光,白光,,,,,,,通过门缝（框架构图）观看房间，单一的白光顺光硬质照射，形成强烈的明暗分界。,"Looking through a door crack (framed composition), a single white light shines directly in, creating strong contrasts between light and shadow."
T220,引导线构图,多光源,侧光,软光,暖光,,,,,,,图书馆书架的引导线构图，多盏壁灯的侧光柔和温暖，营造安静的阅读空间。,"The guide lines of the library bookshelves, along with the soft and warm side lighting from multiple wall lamps, create a quiet reading space."
